"The Gentlemen","01/01/2020","8","2020C"
"The Gentlemen","01/01/2020","8","2020C"
"The Gentlemen","01/01/2020","8","2020C"
"The Gentlemen","01/01/2020","8","2020C"
"The Gentlemen","01/01/2020","8","2020C"
"The Gentlemen","01/01/2020","8","2020C"
"The Gentlemen","01/01/2020","8","2020C"
"The Gentlemen","01/01/2020","8","2020C"
"The Gentlemen","01/01/2020","8","2020C"
"The Gentlemen","01/01/2020","8","2020C"
"The Gentlemen","01/01/2020","8","2020C"
"The Gentlemen","01/01/2020","8","2020C"
"The Gentlemen","01/01/2020","8","2020C"
"The Gentlemen","01/01/2020","8","2020C"
"The Gentlemen","01/01/2020","8","2020C"
"The Gentlemen","01/01/2020","8","2020C"
"The Gentlemen","01/01/2020","8","2020C"
"The Gentlemen","01/01/2020","8","2020C"
,,,
"a"," a","a","b"
"a"," a","a","b"
"a"," a","a","b"
"a","a","a","a"
"Bla","a","a","c"
"Bla","a","a","c"
"Bla","a","a","c"
"Bla","a","a","c"
"Bla","a","a","c"
"Bla","a","a","c"
"Bla","a","a","c"
"Bla","a","a","c"
"Bla","a","a","c"
"Archer","a","a","c"
"24","a","a","c"
"Big Little Lies","a","a","c"
"The Good Place","a","a","c"
"The big bang theory","12T"
"Friends","10T"
"How I met your mother","9T"
"Scrubs","8T"
"Dexter","8T"
"Games of thrones","8T"
"Suits","8A"
"Malcolm","7T"
"House","7A"
"High Stakes Poker","7A"
"The shield","6T"
"Lost","6T"
"Oz","6T"
"Modern Family","6A"
"Brooklyn Nine-Nine","5S"
"House of Cards","6A"
"CSI","6A"
"Heroes","5T"
"Breaking bad","5T"
"Silicon Valley","4S"
"Luther","4S"
"Prison Break","5A"
"Boston legal","5A"
"The walking dead","5A"
"24","5A"
"Episodes","4T"
"IT Crowd","4T"
"Unbreakable Kimmy","4T"
"Rick & Morty","4W"
"The Good Place","4W"
"Six feet under","4A"
"Californication","4A"
"Black Book","3T"
"Veronica Mars","3S"
"Ozark","2S"
"Dark","2S"
"Vikings","4A"
"The Expanse","2S"
"The Office (UK)","2T"
"Joey","2T"
"Westworld","1S"
"American Crime Story","2S"
"Better Call Saul","1S"
"Bojack Horseman","1S"
"Louis","2A"
"The Blacklist","2A"
"Lie to me","2A"
"Robot Chicken","2A"
"Plan Coeur","2T"
"Archer","2A"
"The Office (US)","1A"
"Mad Men","1A"
"Arrested Development","1A"
"30 Rock","1A"
"Peaky Blinders","5S"
"You're the Worst","0N"
"Mary Kills People","0N"
"Killing Eve","0N"
"Stranger Things","3A"
"One Tree Hill","0N"
"Sex and The City","0N"
"Pretty Little Liars","0N"
"Big Little Lies","0N"
"The B in Apartment 23","0N"
"The Cry","0N"
"Dirty John","0N"
"Greys Anatomy","0N"
"Gossip Girl","0N"
"The Handmaids Tale","0N"
"You","0N"
"What If","0N"
"Safe","0N"
"Bates Motel","0N"
"Orange is the new black","0N"
"Naruto","2T"
"Dragon Ball","2T"
"Hunter x Hunter","5A"
"Black Spot","2S"
"Maniac","1T"
"Unbelievable","1T"
"Unit 42","1S"
"Living with yourself","1A"
"The Witcher","1S"
"The Newsroom","1W"
"1","1","A WordPress Commenter","wapuu@wordpress.example","https://wordpress.org/",,"2019-10-05 02:17:43","2019-10-05 02:17:43","Hi, this is a comment.
To get started with moderating, editing, and deleting comments, please visit the Comments screen in the dashboard.
Commenter avatars come from <a href=""https://gravatar.com"">Gravatar</a>.","0","1",,,"0","0"
"1","siteurl","https://jox.srb.mybluehost.me","yes"
"2","home","https://jox.srb.mybluehost.me","yes"
"3","blogname","Welcome","yes"
"4","blogdescription","Just another WordPress site","yes"
"5","users_can_register","0","yes"
"6","admin_email","jon.venturi@gmail.com","yes"
"7","start_of_week","1","yes"
"8","use_balanceTags","0","yes"
"9","use_smilies","1","yes"
"10","require_name_email","1","yes"
"11","comments_notify","1","yes"
"12","posts_per_rss","10","yes"
"13","rss_use_excerpt","0","yes"
"14","mailserver_url","mail.example.com","yes"
"15","mailserver_login","login@example.com","yes"
"16","mailserver_pass","password","yes"
"17","mailserver_port","110","yes"
"18","default_category","1","yes"
"19","default_comment_status","open","yes"
"20","default_ping_status","open","yes"
"21","default_pingback_flag","1","yes"
"22","posts_per_page","10","yes"
"23","date_format","F j, Y","yes"
"24","time_format","g:i a","yes"
"25","links_updated_date_format","F j, Y g:i a","yes"
"26","comment_moderation","0","yes"
"27","moderation_notify","1","yes"
"28","permalink_structure","/%postname%/","yes"
"29","rewrite_rules","a:92:{s:11:""^wp-json/?$"";s:22:""index.php?rest_route=/"";s:14:""^wp-json/(.*)?"";s:33:""index.php?rest_route=/$matches[1]"";s:21:""^index.php/wp-json/?$"";s:22:""index.php?rest_route=/"";s:24:""^index.php/wp-json/(.*)?"";s:33:""index.php?rest_route=/$matches[1]"";s:47:""category/(.+?)/feed/(feed|rdf|rss|rss2|atom)/?$"";s:52:""index.php?category_name=$matches[1]&feed=$matches[2]"";s:42:""category/(.+?)/(feed|rdf|rss|rss2|atom)/?$"";s:52:""index.php?category_name=$matches[1]&feed=$matches[2]"";s:23:""category/(.+?)/embed/?$"";s:46:""index.php?category_name=$matches[1]&embed=true"";s:35:""category/(.+?)/page/?([0-9]{1,})/?$"";s:53:""index.php?category_name=$matches[1]&paged=$matches[2]"";s:17:""category/(.+?)/?$"";s:35:""index.php?category_name=$matches[1]"";s:44:""tag/([^/]+)/feed/(feed|rdf|rss|rss2|atom)/?$"";s:42:""index.php?tag=$matches[1]&feed=$matches[2]"";s:39:""tag/([^/]+)/(feed|rdf|rss|rss2|atom)/?$"";s:42:""index.php?tag=$matches[1]&feed=$matches[2]"";s:20:""tag/([^/]+)/embed/?$"";s:36:""index.php?tag=$matches[1]&embed=true"";s:32:""tag/([^/]+)/page/?([0-9]{1,})/?$"";s:43:""index.php?tag=$matches[1]&paged=$matches[2]"";s:14:""tag/([^/]+)/?$"";s:25:""index.php?tag=$matches[1]"";s:45:""type/([^/]+)/feed/(feed|rdf|rss|rss2|atom)/?$"";s:50:""index.php?post_format=$matches[1]&feed=$matches[2]"";s:40:""type/([^/]+)/(feed|rdf|rss|rss2|atom)/?$"";s:50:""index.php?post_format=$matches[1]&feed=$matches[2]"";s:21:""type/([^/]+)/embed/?$"";s:44:""index.php?post_format=$matches[1]&embed=true"";s:33:""type/([^/]+)/page/?([0-9]{1,})/?$"";s:51:""index.php?post_format=$matches[1]&paged=$matches[2]"";s:15:""type/([^/]+)/?$"";s:33:""index.php?post_format=$matches[1]"";s:57:""wpforms_log_type/([^/]+)/feed/(feed|rdf|rss|rss2|atom)/?$"";s:69:""index.php?taxonomy=wpforms_log_type&term=$matches[1]&feed=$matches[2]"";s:52:""wpforms_log_type/([^/]+)/(feed|rdf|rss|rss2|atom)/?$"";s:69:""index.php?taxonomy=wpforms_log_type&term=$matches[1]&feed=$matches[2]"";s:33:""wpforms_log_type/([^/]+)/embed/?$"";s:63:""index.php?taxonomy=wpforms_log_type&term=$matches[1]&embed=true"";s:45:""wpforms_log_type/([^/]+)/page/?([0-9]{1,})/?$"";s:70:""index.php?taxonomy=wpforms_log_type&term=$matches[1]&paged=$matches[2]"";s:27:""wpforms_log_type/([^/]+)/?$"";s:52:""index.php?taxonomy=wpforms_log_type&term=$matches[1]"";s:12:""robots\.txt$"";s:18:""index.php?robots=1"";s:48:"".*wp-(atom|rdf|rss|rss2|feed|commentsrss2)\.php$"";s:18:""index.php?feed=old"";s:20:"".*wp-app\.php(/.*)?$"";s:19:""index.php?error=403"";s:18:"".*wp-register.php$"";s:23:""index.php?register=true"";s:32:""feed/(feed|rdf|rss|rss2|atom)/?$"";s:27:""index.php?&feed=$matches[1]"";s:27:""(feed|rdf|rss|rss2|atom)/?$"";s:27:""index.php?&feed=$matches[1]"";s:8:""embed/?$"";s:21:""index.php?&embed=true"";s:20:""page/?([0-9]{1,})/?$"";s:28:""index.php?&paged=$matches[1]"";s:41:""comments/feed/(feed|rdf|rss|rss2|atom)/?$"";s:42:""index.php?&feed=$matches[1]&withcomments=1"";s:36:""comments/(feed|rdf|rss|rss2|atom)/?$"";s:42:""index.php?&feed=$matches[1]&withcomments=1"";s:17:""comments/embed/?$"";s:21:""index.php?&embed=true"";s:44:""search/(.+)/feed/(feed|rdf|rss|rss2|atom)/?$"";s:40:""index.php?s=$matches[1]&feed=$matches[2]"";s:39:""search/(.+)/(feed|rdf|rss|rss2|atom)/?$"";s:40:""index.php?s=$matches[1]&feed=$matches[2]"";s:20:""search/(.+)/embed/?$"";s:34:""index.php?s=$matches[1]&embed=true"";s:32:""search/(.+)/page/?([0-9]{1,})/?$"";s:41:""index.php?s=$matches[1]&paged=$matches[2]"";s:14:""search/(.+)/?$"";s:23:""index.php?s=$matches[1]"";s:47:""author/([^/]+)/feed/(feed|rdf|rss|rss2|atom)/?$"";s:50:""index.php?author_name=$matches[1]&feed=$matches[2]"";s:42:""author/([^/]+)/(feed|rdf|rss|rss2|atom)/?$"";s:50:""index.php?author_name=$matches[1]&feed=$matches[2]"";s:23:""author/([^/]+)/embed/?$"";s:44:""index.php?author_name=$matches[1]&embed=true"";s:35:""author/([^/]+)/page/?([0-9]{1,})/?$"";s:51:""index.php?author_name=$matches[1]&paged=$matches[2]"";s:17:""author/([^/]+)/?$"";s:33:""index.php?author_name=$matches[1]"";s:69:""([0-9]{4})/([0-9]{1,2})/([0-9]{1,2})/feed/(feed|rdf|rss|rss2|atom)/?$"";s:80:""index.php?year=$matches[1]&monthnum=$matches[2]&day=$matches[3]&feed=$matches[4]"";s:64:""([0-9]{4})/([0-9]{1,2})/([0-9]{1,2})/(feed|rdf|rss|rss2|atom)/?$"";s:80:""index.php?year=$matches[1]&monthnum=$matches[2]&day=$matches[3]&feed=$matches[4]"";s:45:""([0-9]{4})/([0-9]{1,2})/([0-9]{1,2})/embed/?$"";s:74:""index.php?year=$matches[1]&monthnum=$matches[2]&day=$matches[3]&embed=true"";s:57:""([0-9]{4})/([0-9]{1,2})/([0-9]{1,2})/page/?([0-9]{1,})/?$"";s:81:""index.php?year=$matches[1]&monthnum=$matches[2]&day=$matches[3]&paged=$matches[4]"";s:39:""([0-9]{4})/([0-9]{1,2})/([0-9]{1,2})/?$"";s:63:""index.php?year=$matches[1]&monthnum=$matches[2]&day=$matches[3]"";s:56:""([0-9]{4})/([0-9]{1,2})/feed/(feed|rdf|rss|rss2|atom)/?$"";s:64:""index.php?year=$matches[1]&monthnum=$matches[2]&feed=$matches[3]"";s:51:""([0-9]{4})/([0-9]{1,2})/(feed|rdf|rss|rss2|atom)/?$"";s:64:""index.php?year=$matches[1]&monthnum=$matches[2]&feed=$matches[3]"";s:32:""([0-9]{4})/([0-9]{1,2})/embed/?$"";s:58:""index.php?year=$matches[1]&monthnum=$matches[2]&embed=true"";s:44:""([0-9]{4})/([0-9]{1,2})/page/?([0-9]{1,})/?$"";s:65:""index.php?year=$matches[1]&monthnum=$matches[2]&paged=$matches[3]"";s:26:""([0-9]{4})/([0-9]{1,2})/?$"";s:47:""index.php?year=$matches[1]&monthnum=$matches[2]"";s:43:""([0-9]{4})/feed/(feed|rdf|rss|rss2|atom)/?$"";s:43:""index.php?year=$matches[1]&feed=$matches[2]"";s:38:""([0-9]{4})/(feed|rdf|rss|rss2|atom)/?$"";s:43:""index.php?year=$matches[1]&feed=$matches[2]"";s:19:""([0-9]{4})/embed/?$"";s:37:""index.php?year=$matches[1]&embed=true"";s:31:""([0-9]{4})/page/?([0-9]{1,})/?$"";s:44:""index.php?year=$matches[1]&paged=$matches[2]"";s:13:""([0-9]{4})/?$"";s:26:""index.php?year=$matches[1]"";s:27:"".?.+?/attachment/([^/]+)/?$"";s:32:""index.php?attachment=$matches[1]"";s:37:"".?.+?/attachment/([^/]+)/trackback/?$"";s:37:""index.php?attachment=$matches[1]&tb=1"";s:57:"".?.+?/attachment/([^/]+)/feed/(feed|rdf|rss|rss2|atom)/?$"";s:49:""index.php?attachment=$matches[1]&feed=$matches[2]"";s:52:"".?.+?/attachment/([^/]+)/(feed|rdf|rss|rss2|atom)/?$"";s:49:""index.php?attachment=$matches[1]&feed=$matches[2]"";s:52:"".?.+?/attachment/([^/]+)/comment-page-([0-9]{1,})/?$"";s:50:""index.php?attachment=$matches[1]&cpage=$matches[2]"";s:33:"".?.+?/attachment/([^/]+)/embed/?$"";s:43:""index.php?attachment=$matches[1]&embed=true"";s:16:""(.?.+?)/embed/?$"";s:41:""index.php?pagename=$matches[1]&embed=true"";s:20:""(.?.+?)/trackback/?$"";s:35:""index.php?pagename=$matches[1]&tb=1"";s:40:""(.?.+?)/feed/(feed|rdf|rss|rss2|atom)/?$"";s:47:""index.php?pagename=$matches[1]&feed=$matches[2]"";s:35:""(.?.+?)/(feed|rdf|rss|rss2|atom)/?$"";s:47:""index.php?pagename=$matches[1]&feed=$matches[2]"";s:28:""(.?.+?)/page/?([0-9]{1,})/?$"";s:48:""index.php?pagename=$matches[1]&paged=$matches[2]"";s:35:""(.?.+?)/comment-page-([0-9]{1,})/?$"";s:48:""index.php?pagename=$matches[1]&cpage=$matches[2]"";s:24:""(.?.+?)(?:/([0-9]+))?/?$"";s:47:""index.php?pagename=$matches[1]&page=$matches[2]"";s:27:""[^/]+/attachment/([^/]+)/?$"";s:32:""index.php?attachment=$matches[1]"";s:37:""[^/]+/attachment/([^/]+)/trackback/?$"";s:37:""index.php?attachment=$matches[1]&tb=1"";s:57:""[^/]+/attachment/([^/]+)/feed/(feed|rdf|rss|rss2|atom)/?$"";s:49:""index.php?attachment=$matches[1]&feed=$matches[2]"";s:52:""[^/]+/attachment/([^/]+)/(feed|rdf|rss|rss2|atom)/?$"";s:49:""index.php?attachment=$matches[1]&feed=$matches[2]"";s:52:""[^/]+/attachment/([^/]+)/comment-page-([0-9]{1,})/?$"";s:50:""index.php?attachment=$matches[1]&cpage=$matches[2]"";s:33:""[^/]+/attachment/([^/]+)/embed/?$"";s:43:""index.php?attachment=$matches[1]&embed=true"";s:16:""([^/]+)/embed/?$"";s:37:""index.php?name=$matches[1]&embed=true"";s:20:""([^/]+)/trackback/?$"";s:31:""index.php?name=$matches[1]&tb=1"";s:40:""([^/]+)/feed/(feed|rdf|rss|rss2|atom)/?$"";s:43:""index.php?name=$matches[1]&feed=$matches[2]"";s:35:""([^/]+)/(feed|rdf|rss|rss2|atom)/?$"";s:43:""index.php?name=$matches[1]&feed=$matches[2]"";s:28:""([^/]+)/page/?([0-9]{1,})/?$"";s:44:""index.php?name=$matches[1]&paged=$matches[2]"";s:35:""([^/]+)/comment-page-([0-9]{1,})/?$"";s:44:""index.php?name=$matches[1]&cpage=$matches[2]"";s:24:""([^/]+)(?:/([0-9]+))?/?$"";s:43:""index.php?name=$matches[1]&page=$matches[2]"";s:16:""[^/]+/([^/]+)/?$"";s:32:""index.php?attachment=$matches[1]"";s:26:""[^/]+/([^/]+)/trackback/?$"";s:37:""index.php?attachment=$matches[1]&tb=1"";s:46:""[^/]+/([^/]+)/feed/(feed|rdf|rss|rss2|atom)/?$"";s:49:""index.php?attachment=$matches[1]&feed=$matches[2]"";s:41:""[^/]+/([^/]+)/(feed|rdf|rss|rss2|atom)/?$"";s:49:""index.php?attachment=$matches[1]&feed=$matches[2]"";s:41:""[^/]+/([^/]+)/comment-page-([0-9]{1,})/?$"";s:50:""index.php?attachment=$matches[1]&cpage=$matches[2]"";s:22:""[^/]+/([^/]+)/embed/?$"";s:43:""index.php?attachment=$matches[1]&embed=true"";}","yes"
"30","hack_file","0","yes"
"31","blog_charset","UTF-8","yes"
"32","moderation_keys",,"no"
"33","active_plugins","a:5:{i:0;s:50:""google-analytics-for-wordpress/googleanalytics.php"";i:1;s:19:""jetpack/jetpack.php"";i:2;s:47:""mojo-marketplace-wp-plugin/mojo-marketplace.php"";i:3;s:37:""optinmonster/optin-monster-wp-api.php"";i:4;s:24:""wpforms-lite/wpforms.php"";}","yes"
"34","category_base",,"yes"
"35","ping_sites","http://rpc.pingomatic.com/","yes"
"36","comment_max_links","2","yes"
"37","gmt_offset","0","yes"
"38","default_email_category","1","yes"
"39","recently_edited",,"no"
"40","template","twentynineteen","yes"
"41","stylesheet","twentynineteen","yes"
"42","comment_whitelist","1","yes"
"43","blacklist_keys",,"no"
"44","comment_registration","0","yes"
"45","html_type","text/html","yes"
"46","use_trackback","0","yes"
"47","default_role","subscriber","yes"
"48","db_version","44719","yes"
"49","uploads_use_yearmonth_folders","1","yes"
"50","upload_path",,"yes"
"51","blog_public","1","yes"
"52","default_link_category","2","yes"
"53","show_on_front","posts","yes"
"54","tag_base",,"yes"
"55","show_avatars","1","yes"
"56","avatar_rating","G","yes"
"57","upload_url_path",,"yes"
"58","thumbnail_size_w","150","yes"
"59","thumbnail_size_h","150","yes"
"60","thumbnail_crop","1","yes"
"61","medium_size_w","300","yes"
"62","medium_size_h","300","yes"
"63","avatar_default","mystery","yes"
"64","large_size_w","1024","yes"
"65","large_size_h","1024","yes"
"66","image_default_link_type","none","yes"
"67","image_default_size",,"yes"
"68","image_default_align",,"yes"
"69","close_comments_for_old_posts","1","yes"
"70","close_comments_days_old","28","yes"
"71","thread_comments","1","yes"
"72","thread_comments_depth","5","yes"
"73","page_comments","0","yes"
"74","comments_per_page","20","yes"
"75","default_comments_page","newest","yes"
"76","comment_order","asc","yes"
"77","sticky_posts","a:0:{}","yes"
"78","widget_categories","a:2:{i:2;a:4:{s:5:""title"";s:0:"""";s:5:""count"";i:0;s:12:""hierarchical"";i:0;s:8:""dropdown"";i:0;}s:12:""_multiwidget"";i:1;}","yes"
"79","widget_text","a:0:{}","yes"
"80","widget_rss","a:0:{}","yes"
"81","uninstall_plugins","a:2:{s:37:""optinmonster/optin-monster-wp-api.php"";s:32:""optin_monster_api_uninstall_hook"";s:50:""google-analytics-for-wordpress/googleanalytics.php"";s:35:""monsterinsights_lite_uninstall_hook"";}","no"
"82","timezone_string",,"yes"
"83","page_for_posts","0","yes"
"84","page_on_front","0","yes"
"85","default_post_format","0","yes"
"86","link_manager_enabled","0","yes"
"87","finished_splitting_shared_terms","1","yes"
"88","site_icon","0","yes"
"89","medium_large_size_w","768","yes"
"90","medium_large_size_h","0","yes"
"91","wp_page_for_privacy_policy","3","yes"
"92","show_comments_cookies_opt_in","0","yes"
"93","initial_db_version","43764","yes"
"94","_FE6_user_roles","a:5:{s:13:""administrator"";a:2:{s:4:""name"";s:13:""Administrator"";s:12:""capabilities"";a:61:{s:13:""switch_themes"";b:1;s:11:""edit_themes"";b:1;s:16:""activate_plugins"";b:1;s:12:""edit_plugins"";b:1;s:10:""edit_users"";b:1;s:10:""edit_files"";b:1;s:14:""manage_options"";b:1;s:17:""moderate_comments"";b:1;s:17:""manage_categories"";b:1;s:12:""manage_links"";b:1;s:12:""upload_files"";b:1;s:6:""import"";b:1;s:15:""unfiltered_html"";b:1;s:10:""edit_posts"";b:1;s:17:""edit_others_posts"";b:1;s:20:""edit_published_posts"";b:1;s:13:""publish_posts"";b:1;s:10:""edit_pages"";b:1;s:4:""read"";b:1;s:8:""level_10"";b:1;s:7:""level_9"";b:1;s:7:""level_8"";b:1;s:7:""level_7"";b:1;s:7:""level_6"";b:1;s:7:""level_5"";b:1;s:7:""level_4"";b:1;s:7:""level_3"";b:1;s:7:""level_2"";b:1;s:7:""level_1"";b:1;s:7:""level_0"";b:1;s:17:""edit_others_pages"";b:1;s:20:""edit_published_pages"";b:1;s:13:""publish_pages"";b:1;s:12:""delete_pages"";b:1;s:19:""delete_others_pages"";b:1;s:22:""delete_published_pages"";b:1;s:12:""delete_posts"";b:1;s:19:""delete_others_posts"";b:1;s:22:""delete_published_posts"";b:1;s:20:""delete_private_posts"";b:1;s:18:""edit_private_posts"";b:1;s:18:""read_private_posts"";b:1;s:20:""delete_private_pages"";b:1;s:18:""edit_private_pages"";b:1;s:18:""read_private_pages"";b:1;s:12:""delete_users"";b:1;s:12:""create_users"";b:1;s:17:""unfiltered_upload"";b:1;s:14:""edit_dashboard"";b:1;s:14:""update_plugins"";b:1;s:14:""delete_plugins"";b:1;s:15:""install_plugins"";b:1;s:13:""update_themes"";b:1;s:14:""install_themes"";b:1;s:11:""update_core"";b:1;s:10:""list_users"";b:1;s:12:""remove_users"";b:1;s:13:""promote_users"";b:1;s:18:""edit_theme_options"";b:1;s:13:""delete_themes"";b:1;s:6:""export"";b:1;}}s:6:""editor"";a:2:{s:4:""name"";s:6:""Editor"";s:12:""capabilities"";a:34:{s:17:""moderate_comments"";b:1;s:17:""manage_categories"";b:1;s:12:""manage_links"";b:1;s:12:""upload_files"";b:1;s:15:""unfiltered_html"";b:1;s:10:""edit_posts"";b:1;s:17:""edit_others_posts"";b:1;s:20:""edit_published_posts"";b:1;s:13:""publish_posts"";b:1;s:10:""edit_pages"";b:1;s:4:""read"";b:1;s:7:""level_7"";b:1;s:7:""level_6"";b:1;s:7:""level_5"";b:1;s:7:""level_4"";b:1;s:7:""level_3"";b:1;s:7:""level_2"";b:1;s:7:""level_1"";b:1;s:7:""level_0"";b:1;s:17:""edit_others_pages"";b:1;s:20:""edit_published_pages"";b:1;s:13:""publish_pages"";b:1;s:12:""delete_pages"";b:1;s:19:""delete_others_pages"";b:1;s:22:""delete_published_pages"";b:1;s:12:""delete_posts"";b:1;s:19:""delete_others_posts"";b:1;s:22:""delete_published_posts"";b:1;s:20:""delete_private_posts"";b:1;s:18:""edit_private_posts"";b:1;s:18:""read_private_posts"";b:1;s:20:""delete_private_pages"";b:1;s:18:""edit_private_pages"";b:1;s:18:""read_private_pages"";b:1;}}s:6:""author"";a:2:{s:4:""name"";s:6:""Author"";s:12:""capabilities"";a:10:{s:12:""upload_files"";b:1;s:10:""edit_posts"";b:1;s:20:""edit_published_posts"";b:1;s:13:""publish_posts"";b:1;s:4:""read"";b:1;s:7:""level_2"";b:1;s:7:""level_1"";b:1;s:7:""level_0"";b:1;s:12:""delete_posts"";b:1;s:22:""delete_published_posts"";b:1;}}s:11:""contributor"";a:2:{s:4:""name"";s:11:""Contributor"";s:12:""capabilities"";a:5:{s:10:""edit_posts"";b:1;s:4:""read"";b:1;s:7:""level_1"";b:1;s:7:""level_0"";b:1;s:12:""delete_posts"";b:1;}}s:10:""subscriber"";a:2:{s:4:""name"";s:10:""Subscriber"";s:12:""capabilities"";a:2:{s:4:""read"";b:1;s:7:""level_0"";b:1;}}}","yes"
"97","fresh_site","1","yes"
"98","widget_search","a:2:{i:2;a:1:{s:5:""title"";s:0:"""";}s:12:""_multiwidget"";i:1;}","yes"
"99","widget_recent-posts","a:2:{i:2;a:2:{s:5:""title"";s:0:"""";s:6:""number"";i:5;}s:12:""_multiwidget"";i:1;}","yes"
"100","widget_recent-comments","a:2:{i:2;a:2:{s:5:""title"";s:0:"""";s:6:""number"";i:5;}s:12:""_multiwidget"";i:1;}","yes"
"101","widget_archives","a:2:{i:2;a:3:{s:5:""title"";s:0:"""";s:5:""count"";i:0;s:8:""dropdown"";i:0;}s:12:""_multiwidget"";i:1;}","yes"
"102","widget_meta","a:2:{i:2;a:1:{s:5:""title"";s:0:"""";}s:12:""_multiwidget"";i:1;}","yes"
"103","sidebars_widgets","a:3:{s:19:""wp_inactive_widgets"";a:0:{}s:9:""sidebar-1"";a:6:{i:0;s:8:""search-2"";i:1;s:14:""recent-posts-2"";i:2;s:17:""recent-comments-2"";i:3;s:10:""archives-2"";i:4;s:12:""categories-2"";i:5;s:6:""meta-2"";}s:13:""array_version"";i:3;}","yes"
"374","auto_core_update_notified","a:4:{s:4:""type"";s:7:""success"";s:5:""email"";s:21:""jon.venturi@gmail.com"";s:7:""version"";s:5:""5.2.4"";s:9:""timestamp"";i:1571135893;}","no"
"112","optin_monster_api","a:6:{s:3:""api"";a:0:{}s:6:""optins"";a:0:{}s:10:""is_expired"";b:0;s:11:""is_disabled"";b:0;s:10:""is_invalid"";b:0;s:7:""welcome"";a:3:{s:6:""status"";s:4:""none"";s:6:""review"";s:3:""ask"";s:7:""version"";s:4:""1141"";}}","yes"
"113","cron","a:7:{i:1573255064;a:1:{s:20:""jetpack_clean_nonces"";a:1:{s:32:""40cd750bba9870f18aada2478b24840a"";a:3:{s:8:""schedule"";s:6:""hourly"";s:4:""args"";a:0:{}s:8:""interval"";i:3600;}}}i:1573255072;a:1:{s:34:""wp_privacy_delete_old_export_files"";a:1:{s:32:""40cd750bba9870f18aada2478b24840a"";a:3:{s:8:""schedule"";s:6:""hourly"";s:4:""args"";a:0:{}s:8:""interval"";i:3600;}}}i:1573265872;a:3:{s:16:""wp_version_check"";a:1:{s:32:""40cd750bba9870f18aada2478b24840a"";a:3:{s:8:""schedule"";s:10:""twicedaily"";s:4:""args"";a:0:{}s:8:""interval"";i:43200;}}s:17:""wp_update_plugins"";a:1:{s:32:""40cd750bba9870f18aada2478b24840a"";a:3:{s:8:""schedule"";s:10:""twicedaily"";s:4:""args"";a:0:{}s:8:""interval"";i:43200;}}s:16:""wp_update_themes"";a:1:{s:32:""40cd750bba9870f18aada2478b24840a"";a:3:{s:8:""schedule"";s:10:""twicedaily"";s:4:""args"";a:0:{}s:8:""interval"";i:43200;}}}i:1573265963;a:1:{s:32:""recovery_mode_clean_expired_keys"";a:1:{s:32:""40cd750bba9870f18aada2478b24840a"";a:3:{s:8:""schedule"";s:5:""daily"";s:4:""args"";a:0:{}s:8:""interval"";i:86400;}}}i:1573480800;a:1:{s:28:""wpforms_email_summaries_cron"";a:1:{s:32:""40cd750bba9870f18aada2478b24840a"";a:3:{s:8:""schedule"";s:30:""wpforms_email_summaries_weekly"";s:4:""args"";a:0:{}s:8:""interval"";i:604800;}}}i:1573627932;a:1:{s:35:""monsterinsights_usage_tracking_cron"";a:1:{s:32:""40cd750bba9870f18aada2478b24840a"";a:3:{s:8:""schedule"";s:6:""weekly"";s:4:""args"";a:0:{}s:8:""interval"";i:604800;}}}s:7:""version"";i:2;}","yes"
"114","jetpack_activated","1","yes"
"117","jetpack_activation_source","a:2:{i:0;s:7:""unknown"";i:1;N;}","yes"
"118","_transient_timeout_jetpack_file_data_6.8","1572747464","no"
"119","_transient_jetpack_file_data_6.8","a:60:{s:32:""c22c48d7cfe9d38dff2864cfea64636a"";a:15:{s:4:""name"";s:20:""Spelling and Grammar"";s:11:""description"";s:39:""Check your spelling, style, and grammar"";s:14:""jumpstart_desc"";s:0:"""";s:4:""sort"";s:1:""6"";s:20:""recommendation_order"";s:0:"""";s:10:""introduced"";s:3:""1.1"";s:7:""changed"";s:0:"""";s:10:""deactivate"";s:0:"""";s:4:""free"";s:0:"""";s:19:""requires_connection"";s:3:""Yes"";s:13:""auto_activate"";s:3:""Yes"";s:11:""module_tags"";s:7:""Writing"";s:7:""feature"";s:7:""Writing"";s:25:""additional_search_queries"";s:115:""after the deadline, afterthedeadline, spell, spellchecker, spelling, grammar, proofreading, style, language, cliche"";s:12:""plan_classes"";s:0:"""";}s:32:""933d4f6d290580156e0652ce850af1b2"";a:15:{s:4:""name"";s:0:"""";s:11:""description"";s:0:"""";s:14:""jumpstart_desc"";s:0:"""";s:4:""sort"";s:0:"""";s:20:""recommendation_order"";s:0:"""";s:10:""introduced"";s:0:"""";s:7:""changed"";s:0:"""";s:10:""deactivate"";s:0:"""";s:4:""free"";s:0:"""";s:19:""requires_connection"";s:0:"""";s:13:""auto_activate"";s:0:"""";s:11:""module_tags"";s:0:"""";s:7:""feature"";s:0:"""";s:25:""additional_search_queries"";s:0:"""";s:12:""plan_classes"";s:0:"""";}s:32:""fb5c4814ddc3946a3f22cc838fcb2af3"";a:15:{s:4:""name"";s:8:""Carousel"";s:11:""description"";s:75:""Display images and galleries in a gorgeous, full-screen browsing experience"";s:14:""jumpstart_desc"";s:79:""Brings your photos and images to life as full-size, easily navigable galleries."";s:4:""sort"";s:2:""22"";s:20:""recommendation_order"";s:2:""12"";s:10:""introduced"";s:3:""1.5"";s:7:""changed"";s:0:"""";s:10:""deactivate"";s:0:"""";s:4:""free"";s:0:"""";s:19:""requires_connection"";s:2:""No"";s:13:""auto_activate"";s:2:""No"";s:11:""module_tags"";s:17:""Photos and Videos"";s:7:""feature"";s:21:""Appearance, Jumpstart"";s:25:""additional_search_queries"";s:80:""gallery, carousel, diaporama, slideshow, images, lightbox, exif, metadata, image"";s:12:""plan_classes"";s:0:"""";}s:32:""5813eda53235a9a81a69b1f6a4a15db6"";a:15:{s:4:""name"";s:13:""Comment Likes"";s:11:""description"";s:64:""Increase visitor engagement by adding a Like button to comments."";s:14:""jumpstart_desc"";s:0:"""";s:4:""sort"";s:2:""39"";s:20:""recommendation_order"";s:2:""17"";s:10:""introduced"";s:3:""5.1"";s:7:""changed"";s:0:"""";s:10:""deactivate"";s:0:"""";s:4:""free"";s:0:"""";s:19:""requires_connection"";s:3:""Yes"";s:13:""auto_activate"";s:2:""No"";s:11:""module_tags"";s:6:""Social"";s:7:""feature"";s:0:"""";s:25:""additional_search_queries"";s:37:""like widget, like button, like, likes"";s:12:""plan_classes"";s:0:"""";}s:32:""7ef4ca32a1c84fc10ef50c8293cae5df"";a:15:{s:4:""name"";s:8:""Comments"";s:11:""description"";s:80:""Let readers use WordPress.com, Twitter, Facebook, or Google+ accounts to comment"";s:14:""jumpstart_desc"";s:0:"""";s:4:""sort"";s:2:""20"";s:20:""recommendation_order"";s:0:"""";s:10:""introduced"";s:3:""1.4"";s:7:""changed"";s:0:"""";s:10:""deactivate"";s:0:"""";s:4:""free"";s:0:"""";s:19:""requires_connection"";s:3:""Yes"";s:13:""auto_activate"";s:2:""No"";s:11:""module_tags"";s:6:""Social"";s:7:""feature"";s:10:""Engagement"";s:25:""additional_search_queries"";s:53:""comments, comment, facebook, twitter, google+, social"";s:12:""plan_classes"";s:0:"""";}s:32:""c5331bfc2648dfeeebe486736d79a72c"";a:15:{s:4:""name"";s:12:""Contact Form"";s:11:""description"";s:57:""Insert a customizable contact form anywhere on your site."";s:14:""jumpstart_desc"";s:111:""Adds a button to your post and page editors, allowing you to build simple forms to help visitors stay in touch."";s:4:""sort"";s:2:""15"";s:20:""recommendation_order"";s:2:""14"";s:10:""introduced"";s:3:""1.3"";s:7:""changed"";s:0:"""";s:10:""deactivate"";s:0:"""";s:4:""free"";s:0:"""";s:19:""requires_connection"";s:2:""No"";s:13:""auto_activate"";s:3:""Yes"";s:11:""module_tags"";s:5:""Other"";s:7:""feature"";s:18:""Writing, Jumpstart"";s:25:""additional_search_queries"";s:44:""contact, form, grunion, feedback, submission"";s:12:""plan_classes"";s:0:"""";}s:32:""707c77d2e8cb0c12d094e5423c8beda8"";a:15:{s:4:""name"";s:20:""Custom content types"";s:11:""description"";s:74:""Display different types of content on your site with custom content types."";s:14:""jumpstart_desc"";s:0:"""";s:4:""sort"";s:2:""34"";s:20:""recommendation_order"";s:0:"""";s:10:""introduced"";s:3:""3.1"";s:7:""changed"";s:0:"""";s:10:""deactivate"";s:0:"""";s:4:""free"";s:0:"""";s:19:""requires_connection"";s:2:""No"";s:13:""auto_activate"";s:3:""Yes"";s:11:""module_tags"";s:7:""Writing"";s:7:""feature"";s:7:""Writing"";s:25:""additional_search_queries"";s:72:""cpt, custom post types, portfolio, portfolios, testimonial, testimonials"";s:12:""plan_classes"";s:0:"""";}s:32:""cd499b1678cfe3aabfc8ca0d3eb7e8b9"";a:15:{s:4:""name"";s:10:""Custom CSS"";s:11:""description"";s:53:""Tweak your site’s CSS without modifying your theme."";s:14:""jumpstart_desc"";s:0:"""";s:4:""sort"";s:1:""2"";s:20:""recommendation_order"";s:0:"""";s:10:""introduced"";s:3:""1.7"";s:7:""changed"";s:0:"""";s:10:""deactivate"";s:0:"""";s:4:""free"";s:0:"""";s:19:""requires_connection"";s:2:""No"";s:13:""auto_activate"";s:3:""Yes"";s:11:""module_tags"";s:10:""Appearance"";s:7:""feature"";s:10:""Appearance"";s:25:""additional_search_queries"";s:108:""css, customize, custom, style, editor, less, sass, preprocessor, font, mobile, appearance, theme, stylesheet"";s:12:""plan_classes"";s:0:"""";}s:32:""7d266d6546645f42cf52a66387699c50"";a:15:{s:4:""name"";s:0:"""";s:11:""description"";s:0:"""";s:14:""jumpstart_desc"";s:0:"""";s:4:""sort"";s:0:"""";s:20:""recommendation_order"";s:0:"""";s:10:""introduced"";s:0:"""";s:7:""changed"";s:0:"""";s:10:""deactivate"";s:0:"""";s:4:""free"";s:0:"""";s:19:""requires_connection"";s:0:"""";s:13:""auto_activate"";s:0:"""";s:11:""module_tags"";s:0:"""";s:7:""feature"";s:0:"""";s:25:""additional_search_queries"";s:0:"""";s:12:""plan_classes"";s:0:"""";}s:32:""5d436678d5e010ac6b0f157aa1021554"";a:15:{s:4:""name"";s:21:""Enhanced Distribution"";s:11:""description"";s:27:""Increase reach and traffic."";s:14:""jumpstart_desc"";s:0:"""";s:4:""sort"";s:1:""5"";s:20:""recommendation_order"";s:0:"""";s:10:""introduced"";s:3:""1.2"";s:7:""changed"";s:0:"""";s:10:""deactivate"";s:0:"""";s:4:""free"";s:0:"""";s:19:""requires_connection"";s:3:""Yes"";s:13:""auto_activate"";s:6:""Public"";s:11:""module_tags"";s:7:""Writing"";s:7:""feature"";s:10:""Engagement"";s:25:""additional_search_queries"";s:54:""google, seo, firehose, search, broadcast, broadcasting"";s:12:""plan_classes"";s:0:"""";}s:32:""2c9ff765b826940496a65c0f927a594a"";a:15:{s:4:""name"";s:0:"""";s:11:""description"";s:0:"""";s:14:""jumpstart_desc"";s:0:"""";s:4:""sort"";s:0:"""";s:20:""recommendation_order"";s:0:"""";s:10:""introduced"";s:0:"""";s:7:""changed"";s:0:"""";s:10:""deactivate"";s:0:"""";s:4:""free"";s:0:"""";s:19:""requires_connection"";s:0:"""";s:13:""auto_activate"";s:0:"""";s:11:""module_tags"";s:0:"""";s:7:""feature"";s:0:"""";s:25:""additional_search_queries"";s:0:"""";s:12:""plan_classes"";s:0:"""";}s:32:""092b94702bb483a5472578283c2103d6"";a:15:{s:4:""name"";s:16:""Google Analytics"";s:11:""description"";s:56:""Set up Google Analytics without touching a line of code."";s:14:""jumpstart_desc"";s:0:"""";s:4:""sort"";s:2:""37"";s:20:""recommendation_order"";s:0:"""";s:10:""introduced"";s:3:""4.5"";s:7:""changed"";s:0:"""";s:10:""deactivate"";s:0:"""";s:4:""free"";s:0:"""";s:19:""requires_connection"";s:3:""Yes"";s:13:""auto_activate"";s:2:""No"";s:11:""module_tags"";s:0:"""";s:7:""feature"";s:10:""Engagement"";s:25:""additional_search_queries"";s:37:""webmaster, google, analytics, console"";s:12:""plan_classes"";s:17:""business, premium"";}s:32:""6bd77e09440df2b63044cf8cb7963773"";a:15:{s:4:""name"";s:0:"""";s:11:""description"";s:0:"""";s:14:""jumpstart_desc"";s:0:"""";s:4:""sort"";s:0:"""";s:20:""recommendation_order"";s:0:"""";s:10:""introduced"";s:0:"""";s:7:""changed"";s:0:"""";s:10:""deactivate"";s:0:"""";s:4:""free"";s:0:"""";s:19:""requires_connection"";s:0:"""";s:13:""auto_activate"";s:0:"""";s:11:""module_tags"";s:0:"""";s:7:""feature"";s:0:"""";s:25:""additional_search_queries"";s:0:"""";s:12:""plan_classes"";s:0:"""";}s:32:""ee1a10e2ef5733ab19eb1eb552d5ecb3"";a:15:{s:4:""name"";s:19:""Gravatar Hovercards"";s:11:""description"";s:58:""Enable pop-up business cards over commenters’ Gravatars."";s:14:""jumpstart_desc"";s:131:""Let commenters link their profiles to their Gravatar accounts, making it easy for your visitors to learn more about your community."";s:4:""sort"";s:2:""11"";s:20:""recommendation_order"";s:2:""13"";s:10:""introduced"";s:3:""1.1"";s:7:""changed"";s:0:"""";s:10:""deactivate"";s:0:"""";s:4:""free"";s:0:"""";s:19:""requires_connection"";s:2:""No"";s:13:""auto_activate"";s:3:""Yes"";s:11:""module_tags"";s:18:""Social, Appearance"";s:7:""feature"";s:21:""Appearance, Jumpstart"";s:25:""additional_search_queries"";s:20:""gravatar, hovercards"";s:12:""plan_classes"";s:0:"""";}s:32:""284c08538b0bdc266315b2cf80b9c044"";a:15:{s:4:""name"";s:0:"""";s:11:""description"";s:0:"""";s:14:""jumpstart_desc"";s:0:"""";s:4:""sort"";s:0:"""";s:20:""recommendation_order"";s:0:"""";s:10:""introduced"";s:0:"""";s:7:""changed"";s:0:"""";s:10:""deactivate"";s:0:"""";s:4:""free"";s:0:"""";s:19:""requires_connection"";s:0:"""";s:13:""auto_activate"";s:0:"""";s:11:""module_tags"";s:0:"""";s:7:""feature"";s:0:"""";s:25:""additional_search_queries"";s:0:"""";s:12:""plan_classes"";s:0:"""";}s:32:""0ce5c3ac630dea9f41215e48bb0f52f3"";a:15:{s:4:""name"";s:15:""Infinite Scroll"";s:11:""description"";s:53:""Automatically load new content when a visitor scrolls"";s:14:""jumpstart_desc"";s:0:"""";s:4:""sort"";s:2:""26"";s:20:""recommendation_order"";s:0:"""";s:10:""introduced"";s:3:""2.0"";s:7:""changed"";s:0:"""";s:10:""deactivate"";s:0:"""";s:4:""free"";s:0:"""";s:19:""requires_connection"";s:2:""No"";s:13:""auto_activate"";s:2:""No"";s:11:""module_tags"";s:10:""Appearance"";s:7:""feature"";s:10:""Appearance"";s:25:""additional_search_queries"";s:33:""scroll, infinite, infinite scroll"";s:12:""plan_classes"";s:0:"""";}s:32:""87da2858d4f9cadb6a44fdcf32e8d2b5"";a:15:{s:4:""name"";s:8:""JSON API"";s:11:""description"";s:51:""Allow applications to securely access your content."";s:14:""jumpstart_desc"";s:0:"""";s:4:""sort"";s:2:""19"";s:20:""recommendation_order"";s:0:"""";s:10:""introduced"";s:3:""1.9"";s:7:""changed"";s:0:"""";s:10:""deactivate"";s:0:"""";s:4:""free"";s:0:"""";s:19:""requires_connection"";s:3:""Yes"";s:13:""auto_activate"";s:6:""Public"";s:11:""module_tags"";s:19:""Writing, Developers"";s:7:""feature"";s:7:""General"";s:25:""additional_search_queries"";s:50:""api, rest, develop, developers, json, klout, oauth"";s:12:""plan_classes"";s:0:"""";}s:32:""004962cb7cb9ec2b64769ac4df509217"";a:15:{s:4:""name"";s:14:""Beautiful Math"";s:11:""description"";s:57:""Use LaTeX markup for complex equations and other geekery."";s:14:""jumpstart_desc"";s:0:"""";s:4:""sort"";s:2:""12"";s:20:""recommendation_order"";s:0:"""";s:10:""introduced"";s:3:""1.1"";s:7:""changed"";s:0:"""";s:10:""deactivate"";s:0:"""";s:4:""free"";s:0:"""";s:19:""requires_connection"";s:2:""No"";s:13:""auto_activate"";s:3:""Yes"";s:11:""module_tags"";s:7:""Writing"";s:7:""feature"";s:7:""Writing"";s:25:""additional_search_queries"";s:47:""latex, math, equation, equations, formula, code"";s:12:""plan_classes"";s:0:"""";}s:32:""7f408184bee8850d439c01322867e72c"";a:15:{s:4:""name"";s:11:""Lazy Images"";s:11:""description"";s:16:""Lazy load images"";s:14:""jumpstart_desc"";s:164:""Lazy-loading images improve your site's speed and create a smoother viewing experience. Images will load as visitors scroll down the screen, instead of all at once."";s:4:""sort"";s:2:""24"";s:20:""recommendation_order"";s:2:""14"";s:10:""introduced"";s:5:""5.6.0"";s:7:""changed"";s:0:"""";s:10:""deactivate"";s:0:"""";s:4:""free"";s:0:"""";s:19:""requires_connection"";s:2:""No"";s:13:""auto_activate"";s:2:""No"";s:11:""module_tags"";s:23:""Appearance, Recommended"";s:7:""feature"";s:21:""Appearance, Jumpstart"";s:25:""additional_search_queries"";s:33:""mobile, theme, performance, image"";s:12:""plan_classes"";s:0:"""";}s:32:""2ad914b747f382ae918ed3b37077d4a1"";a:15:{s:4:""name"";s:5:""Likes"";s:11:""description"";s:63:""Give visitors an easy way to show they appreciate your content."";s:14:""jumpstart_desc"";s:0:"""";s:4:""sort"";s:2:""23"";s:20:""recommendation_order"";s:0:"""";s:10:""introduced"";s:3:""2.2"";s:7:""changed"";s:0:"""";s:10:""deactivate"";s:0:"""";s:4:""free"";s:0:"""";s:19:""requires_connection"";s:3:""Yes"";s:13:""auto_activate"";s:2:""No"";s:11:""module_tags"";s:6:""Social"";s:7:""feature"";s:10:""Engagement"";s:25:""additional_search_queries"";s:26:""like, likes, wordpress.com"";s:12:""plan_classes"";s:0:"""";}s:32:""b347263e3470979442ebf0514e41e893"";a:15:{s:4:""name"";s:6:""Manage"";s:11:""description"";s:54:""Manage all of your sites from a centralized dashboard."";s:14:""jumpstart_desc"";s:151:""Helps you remotely manage plugins, turn on automated updates, and more from <a href=""https://wordpress.com/plugins/"" target=""_blank"">wordpress.com</a>."";s:4:""sort"";s:1:""1"";s:20:""recommendation_order"";s:1:""3"";s:10:""introduced"";s:3:""3.4"";s:7:""changed"";s:0:"""";s:10:""deactivate"";s:0:"""";s:4:""free"";s:0:"""";s:19:""requires_connection"";s:3:""Yes"";s:13:""auto_activate"";s:3:""Yes"";s:11:""module_tags"";s:35:""Centralized Management, Recommended"";s:7:""feature"";s:7:""General"";s:25:""additional_search_queries"";s:26:""manage, management, remote"";s:12:""plan_classes"";s:0:"""";}s:32:""589982245aa6f495b72ab7cf57a1a48e"";a:15:{s:4:""name"";s:8:""Markdown"";s:11:""description"";s:50:""Write posts or pages in plain-text Markdown syntax"";s:14:""jumpstart_desc"";s:0:"""";s:4:""sort"";s:2:""31"";s:20:""recommendation_order"";s:0:"""";s:10:""introduced"";s:3:""2.8"";s:7:""changed"";s:0:"""";s:10:""deactivate"";s:0:"""";s:4:""free"";s:0:"""";s:19:""requires_connection"";s:2:""No"";s:13:""auto_activate"";s:2:""No"";s:11:""module_tags"";s:7:""Writing"";s:7:""feature"";s:7:""Writing"";s:25:""additional_search_queries"";s:12:""md, markdown"";s:12:""plan_classes"";s:0:"""";}s:32:""d3bec8e063d637bc285018241b783725"";a:15:{s:4:""name"";s:21:""WordPress.com Toolbar"";s:11:""description"";s:91:""Replaces the admin bar with a useful toolbar to quickly manage your site via WordPress.com."";s:14:""jumpstart_desc"";s:0:"""";s:4:""sort"";s:2:""38"";s:20:""recommendation_order"";s:2:""16"";s:10:""introduced"";s:3:""4.8"";s:7:""changed"";s:0:"""";s:10:""deactivate"";s:0:"""";s:4:""free"";s:0:"""";s:19:""requires_connection"";s:3:""Yes"";s:13:""auto_activate"";s:2:""No"";s:11:""module_tags"";s:7:""General"";s:7:""feature"";s:0:"""";s:25:""additional_search_queries"";s:19:""adminbar, masterbar"";s:12:""plan_classes"";s:0:"""";}s:32:""6ab1c3e749bcfba2dedbaebe6c9fc614"";a:15:{s:4:""name"";s:12:""Mobile Theme"";s:11:""description"";s:31:""Enable the Jetpack Mobile theme"";s:14:""jumpstart_desc"";s:0:"""";s:4:""sort"";s:2:""21"";s:20:""recommendation_order"";s:2:""11"";s:10:""introduced"";s:3:""1.8"";s:7:""changed"";s:0:"""";s:10:""deactivate"";s:0:"""";s:4:""free"";s:0:"""";s:19:""requires_connection"";s:2:""No"";s:13:""auto_activate"";s:2:""No"";s:11:""module_tags"";s:31:""Appearance, Mobile, Recommended"";s:7:""feature"";s:10:""Appearance"";s:25:""additional_search_queries"";s:24:""mobile, theme, minileven"";s:12:""plan_classes"";s:0:"""";}s:32:""b7be7da643ec641511839ecc6afb6def"";a:15:{s:4:""name"";s:0:"""";s:11:""description"";s:0:"""";s:14:""jumpstart_desc"";s:0:"""";s:4:""sort"";s:0:"""";s:20:""recommendation_order"";s:0:"""";s:10:""introduced"";s:0:"""";s:7:""changed"";s:0:"""";s:10:""deactivate"";s:0:"""";s:4:""free"";s:0:"""";s:19:""requires_connection"";s:0:"""";s:13:""auto_activate"";s:0:"""";s:11:""module_tags"";s:0:"""";s:7:""feature"";s:0:"""";s:25:""additional_search_queries"";s:0:"""";s:12:""plan_classes"";s:0:"""";}s:32:""d54f83ff429a8a37ace796de98459411"";a:15:{s:4:""name"";s:0:"""";s:11:""description"";s:0:"""";s:14:""jumpstart_desc"";s:0:"""";s:4:""sort"";s:0:"""";s:20:""recommendation_order"";s:0:"""";s:10:""introduced"";s:0:"""";s:7:""changed"";s:0:"""";s:10:""deactivate"";s:0:"""";s:4:""free"";s:0:"""";s:19:""requires_connection"";s:0:"""";s:13:""auto_activate"";s:0:"""";s:11:""module_tags"";s:0:"""";s:7:""feature"";s:0:"""";s:25:""additional_search_queries"";s:0:"""";s:12:""plan_classes"";s:0:"""";}s:32:""0f8b373fa12c825162c0b0bc20b8bbdd"";a:15:{s:4:""name"";s:0:"""";s:11:""description"";s:0:"""";s:14:""jumpstart_desc"";s:0:"""";s:4:""sort"";s:0:"""";s:20:""recommendation_order"";s:0:"""";s:10:""introduced"";s:0:"""";s:7:""changed"";s:0:"""";s:10:""deactivate"";s:0:"""";s:4:""free"";s:0:"""";s:19:""requires_connection"";s:0:"""";s:13:""auto_activate"";s:0:"""";s:11:""module_tags"";s:0:"""";s:7:""feature"";s:0:"""";s:25:""additional_search_queries"";s:0:"""";s:12:""plan_classes"";s:0:"""";}s:32:""5d7b0750cb34a4a72a44fa67790de639"";a:15:{s:4:""name"";s:0:"""";s:11:""description"";s:0:"""";s:14:""jumpstart_desc"";s:0:"""";s:4:""sort"";s:0:"""";s:20:""recommendation_order"";s:0:"""";s:10:""introduced"";s:0:"""";s:7:""changed"";s:0:"""";s:10:""deactivate"";s:0:"""";s:4:""free"";s:0:"""";s:19:""requires_connection"";s:0:"""";s:13:""auto_activate"";s:0:"""";s:11:""module_tags"";s:0:"""";s:7:""feature"";s:0:"""";s:25:""additional_search_queries"";s:0:"""";s:12:""plan_classes"";s:0:"""";}s:32:""f07fde8db279ffb0116c727df72c6374"";a:15:{s:4:""name"";s:7:""Monitor"";s:11:""description"";s:61:""Receive immediate notifications if your site goes down, 24/7."";s:14:""jumpstart_desc"";s:61:""Receive immediate notifications if your site goes down, 24/7."";s:4:""sort"";s:2:""28"";s:20:""recommendation_order"";s:2:""10"";s:10:""introduced"";s:3:""2.6"";s:7:""changed"";s:0:"""";s:10:""deactivate"";s:0:"""";s:4:""free"";s:0:"""";s:19:""requires_connection"";s:3:""Yes"";s:13:""auto_activate"";s:2:""No"";s:11:""module_tags"";s:11:""Recommended"";s:7:""feature"";s:19:""Security, Jumpstart"";s:25:""additional_search_queries"";s:37:""monitor, uptime, downtime, monitoring"";s:12:""plan_classes"";s:0:"""";}s:32:""136a5445a49150db75472862f3d3aefb"";a:15:{s:4:""name"";s:13:""Notifications"";s:11:""description"";s:57:""Receive instant notifications of site comments and likes."";s:14:""jumpstart_desc"";s:0:"""";s:4:""sort"";s:2:""13"";s:20:""recommendation_order"";s:0:"""";s:10:""introduced"";s:3:""1.9"";s:7:""changed"";s:0:"""";s:10:""deactivate"";s:0:"""";s:4:""free"";s:0:"""";s:19:""requires_connection"";s:3:""Yes"";s:13:""auto_activate"";s:3:""Yes"";s:11:""module_tags"";s:5:""Other"";s:7:""feature"";s:7:""General"";s:25:""additional_search_queries"";s:62:""notification, notifications, toolbar, adminbar, push, comments"";s:12:""plan_classes"";s:0:"""";}s:32:""395d8ae651afabb54d1e98440674b384"";a:15:{s:4:""name"";s:0:"""";s:11:""description"";s:0:"""";s:14:""jumpstart_desc"";s:0:"""";s:4:""sort"";s:0:"""";s:20:""recommendation_order"";s:0:"""";s:10:""introduced"";s:0:"""";s:7:""changed"";s:0:"""";s:10:""deactivate"";s:0:"""";s:4:""free"";s:0:"""";s:19:""requires_connection"";s:0:"""";s:13:""auto_activate"";s:0:"""";s:11:""module_tags"";s:0:"""";s:7:""feature"";s:0:"""";s:25:""additional_search_queries"";s:0:"""";s:12:""plan_classes"";s:0:"""";}s:32:""0b7b5e3ff80355a67c5485b0d00cd1a2"";a:15:{s:4:""name"";s:9:""Asset CDN"";s:11:""description"";s:36:""Serve static assets from our servers"";s:14:""jumpstart_desc"";s:0:"""";s:4:""sort"";s:2:""26"";s:20:""recommendation_order"";s:1:""1"";s:10:""introduced"";s:3:""6.6"";s:7:""changed"";s:0:"""";s:10:""deactivate"";s:0:"""";s:4:""free"";s:0:"""";s:19:""requires_connection"";s:2:""No"";s:13:""auto_activate"";s:2:""No"";s:11:""module_tags"";s:42:""Photos and Videos, Appearance, Recommended"";s:7:""feature"";s:23:""Recommended, Appearance"";s:25:""additional_search_queries"";s:46:""photon, image, cdn, performance, speed, assets"";s:12:""plan_classes"";s:0:"""";}s:32:""4484ac68583fbbaab0ef698cdc986950"";a:15:{s:4:""name"";s:6:""Photon"";s:11:""description"";s:29:""Serve images from our servers"";s:14:""jumpstart_desc"";s:141:""Mirrors and serves your images from our free and fast image CDN, improving your site’s performance with no additional load on your servers."";s:4:""sort"";s:2:""25"";s:20:""recommendation_order"";s:1:""1"";s:10:""introduced"";s:3:""2.0"";s:7:""changed"";s:0:"""";s:10:""deactivate"";s:0:"""";s:4:""free"";s:0:"""";s:19:""requires_connection"";s:3:""Yes"";s:13:""auto_activate"";s:2:""No"";s:11:""module_tags"";s:42:""Photos and Videos, Appearance, Recommended"";s:7:""feature"";s:34:""Recommended, Jumpstart, Appearance"";s:25:""additional_search_queries"";s:38:""photon, image, cdn, performance, speed"";s:12:""plan_classes"";s:0:"""";}s:32:""6f30193afa5b1360e3fa2676501b5e3a"";a:15:{s:4:""name"";s:13:""Post by email"";s:11:""description"";s:33:""Publish posts by sending an email"";s:14:""jumpstart_desc"";s:0:"""";s:4:""sort"";s:2:""14"";s:20:""recommendation_order"";s:0:"""";s:10:""introduced"";s:3:""2.0"";s:7:""changed"";s:0:"""";s:10:""deactivate"";s:0:"""";s:4:""free"";s:0:"""";s:19:""requires_connection"";s:3:""Yes"";s:13:""auto_activate"";s:3:""Yes"";s:11:""module_tags"";s:7:""Writing"";s:7:""feature"";s:7:""Writing"";s:25:""additional_search_queries"";s:20:""post by email, email"";s:12:""plan_classes"";s:0:"""";}s:32:""3e9f8bd3755d92e8e5d06966a957beb8"";a:15:{s:4:""name"";s:7:""Protect"";s:11:""description"";s:41:""Block suspicious-looking sign in activity"";s:14:""jumpstart_desc"";s:0:"""";s:4:""sort"";s:1:""1"";s:20:""recommendation_order"";s:1:""4"";s:10:""introduced"";s:3:""3.4"";s:7:""changed"";s:0:"""";s:10:""deactivate"";s:0:"""";s:4:""free"";s:0:"""";s:19:""requires_connection"";s:3:""Yes"";s:13:""auto_activate"";s:3:""Yes"";s:11:""module_tags"";s:11:""Recommended"";s:7:""feature"";s:8:""Security"";s:25:""additional_search_queries"";s:65:""security, secure, protection, botnet, brute force, protect, login"";s:12:""plan_classes"";s:0:"""";}s:32:""0cacc8ab2145ad11cb54d181a98aa550"";a:15:{s:4:""name"";s:9:""Publicize"";s:11:""description"";s:27:""Automated social marketing."";s:14:""jumpstart_desc"";s:0:"""";s:4:""sort"";s:2:""10"";s:20:""recommendation_order"";s:1:""7"";s:10:""introduced"";s:3:""2.0"";s:7:""changed"";s:0:"""";s:10:""deactivate"";s:0:"""";s:4:""free"";s:0:"""";s:19:""requires_connection"";s:3:""Yes"";s:13:""auto_activate"";s:3:""Yes"";s:11:""module_tags"";s:19:""Social, Recommended"";s:7:""feature"";s:10:""Engagement"";s:25:""additional_search_queries"";s:101:""facebook, twitter, google+, googleplus, google, tumblr, linkedin, social, tweet, connections, sharing"";s:12:""plan_classes"";s:0:"""";}s:32:""a528c2f803a92c5c2effa67cd33ab33a"";a:15:{s:4:""name"";s:20:""Progressive Web Apps"";s:11:""description"";s:85:""Speed up and improve the reliability of your site using the latest in web technology."";s:14:""jumpstart_desc"";s:0:"""";s:4:""sort"";s:2:""38"";s:20:""recommendation_order"";s:2:""18"";s:10:""introduced"";s:5:""5.6.0"";s:7:""changed"";s:0:"""";s:10:""deactivate"";s:0:"""";s:4:""free"";s:0:"""";s:19:""requires_connection"";s:3:""Yes"";s:13:""auto_activate"";s:2:""No"";s:11:""module_tags"";s:10:""Developers"";s:7:""feature"";s:7:""Traffic"";s:25:""additional_search_queries"";s:26:""manifest, pwa, progressive"";s:12:""plan_classes"";s:0:"""";}s:32:""329b8efce059081d46936ece0c6736b3"";a:15:{s:4:""name"";s:0:"""";s:11:""description"";s:0:"""";s:14:""jumpstart_desc"";s:0:"""";s:4:""sort"";s:0:"""";s:20:""recommendation_order"";s:0:"""";s:10:""introduced"";s:0:"""";s:7:""changed"";s:0:"""";s:10:""deactivate"";s:0:"""";s:4:""free"";s:0:"""";s:19:""requires_connection"";s:0:"""";s:13:""auto_activate"";s:0:"""";s:11:""module_tags"";s:0:"""";s:7:""feature"";s:0:"""";s:25:""additional_search_queries"";s:0:"""";s:12:""plan_classes"";s:0:"""";}s:32:""5fdd42d482712fbdaf000b28ea7adce9"";a:15:{s:4:""name"";s:13:""Related posts"";s:11:""description"";s:64:""Increase page views by showing related content to your visitors."";s:14:""jumpstart_desc"";s:113:""Keep visitors engaged on your blog by highlighting relevant and new content at the bottom of each published post."";s:4:""sort"";s:2:""29"";s:20:""recommendation_order"";s:1:""9"";s:10:""introduced"";s:3:""2.9"";s:7:""changed"";s:0:"""";s:10:""deactivate"";s:0:"""";s:4:""free"";s:0:"""";s:19:""requires_connection"";s:3:""Yes"";s:13:""auto_activate"";s:2:""No"";s:11:""module_tags"";s:11:""Recommended"";s:7:""feature"";s:21:""Engagement, Jumpstart"";s:25:""additional_search_queries"";s:22:""related, related posts"";s:12:""plan_classes"";s:0:"""";}s:32:""2c5096ef610018e98a8bcccfbea4471e"";a:15:{s:4:""name"";s:6:""Search"";s:11:""description"";s:41:""Enhanced search, powered by Elasticsearch"";s:14:""jumpstart_desc"";s:0:"""";s:4:""sort"";s:2:""34"";s:20:""recommendation_order"";s:0:"""";s:10:""introduced"";s:3:""5.0"";s:7:""changed"";s:0:"""";s:10:""deactivate"";s:0:"""";s:4:""free"";s:5:""false"";s:19:""requires_connection"";s:3:""Yes"";s:13:""auto_activate"";s:2:""No"";s:11:""module_tags"";s:0:"""";s:7:""feature"";s:6:""Search"";s:25:""additional_search_queries"";s:6:""search"";s:12:""plan_classes"";s:8:""business"";}s:32:""0d81dd7df3ad2f245e84fd4fb66bf829"";a:15:{s:4:""name"";s:9:""SEO Tools"";s:11:""description"";s:50:""Better results on search engines and social media."";s:14:""jumpstart_desc"";s:0:"""";s:4:""sort"";s:2:""35"";s:20:""recommendation_order"";s:2:""15"";s:10:""introduced"";s:3:""4.4"";s:7:""changed"";s:0:"""";s:10:""deactivate"";s:0:"""";s:4:""free"";s:0:"""";s:19:""requires_connection"";s:3:""Yes"";s:13:""auto_activate"";s:2:""No"";s:11:""module_tags"";s:18:""Social, Appearance"";s:7:""feature"";s:7:""Traffic"";s:25:""additional_search_queries"";s:81:""search engine optimization, social preview, meta description, custom title format"";s:12:""plan_classes"";s:17:""business, premium"";}s:32:""32aaa676b3b6c9f3ef22430e1e0bca24"";a:15:{s:4:""name"";s:7:""Sharing"";s:11:""description"";s:37:""Allow visitors to share your content."";s:14:""jumpstart_desc"";s:116:""Twitter, Facebook and Google+ buttons at the bottom of each post, making it easy for visitors to share your content."";s:4:""sort"";s:1:""7"";s:20:""recommendation_order"";s:1:""6"";s:10:""introduced"";s:3:""1.1"";s:7:""changed"";s:3:""1.2"";s:10:""deactivate"";s:0:"""";s:4:""free"";s:0:"""";s:19:""requires_connection"";s:2:""No"";s:13:""auto_activate"";s:3:""Yes"";s:11:""module_tags"";s:19:""Social, Recommended"";s:7:""feature"";s:21:""Engagement, Jumpstart"";s:25:""additional_search_queries"";s:141:""share, sharing, sharedaddy, buttons, icons, email, facebook, twitter, google+, linkedin, pinterest, pocket, press this, print, reddit, tumblr"";s:12:""plan_classes"";s:0:"""";}s:32:""948472b453cda59b38bb7c37af889af0"";a:15:{s:4:""name"";s:16:""Shortcode Embeds"";s:11:""description"";s:50:""Embed media from popular sites without any coding."";s:14:""jumpstart_desc"";s:0:"""";s:4:""sort"";s:1:""3"";s:20:""recommendation_order"";s:0:"""";s:10:""introduced"";s:3:""1.1"";s:7:""changed"";s:3:""1.2"";s:10:""deactivate"";s:0:"""";s:4:""free"";s:0:"""";s:19:""requires_connection"";s:2:""No"";s:13:""auto_activate"";s:3:""Yes"";s:11:""module_tags"";s:46:""Photos and Videos, Social, Writing, Appearance"";s:7:""feature"";s:7:""Writing"";s:25:""additional_search_queries"";s:236:""shortcodes, shortcode, embeds, media, bandcamp, dailymotion, facebook, flickr, google calendars, google maps, google+, polldaddy, recipe, recipes, scribd, slideshare, slideshow, slideshows, soundcloud, ted, twitter, vimeo, vine, youtube"";s:12:""plan_classes"";s:0:"""";}s:32:""7d00a6ca0a79fbe893275aaf6ed6ae42"";a:15:{s:4:""name"";s:16:""WP.me Shortlinks"";s:11:""description"";s:54:""Create short and simple links for all posts and pages."";s:14:""jumpstart_desc"";s:0:"""";s:4:""sort"";s:1:""8"";s:20:""recommendation_order"";s:0:"""";s:10:""introduced"";s:3:""1.1"";s:7:""changed"";s:0:"""";s:10:""deactivate"";s:0:"""";s:4:""free"";s:0:"""";s:19:""requires_connection"";s:3:""Yes"";s:13:""auto_activate"";s:3:""Yes"";s:11:""module_tags"";s:6:""Social"";s:7:""feature"";s:7:""Writing"";s:25:""additional_search_queries"";s:17:""shortlinks, wp.me"";s:12:""plan_classes"";s:0:"""";}s:32:""372e711395f23c466e04d4fd07f73099"";a:15:{s:4:""name"";s:0:"""";s:11:""description"";s:0:"""";s:14:""jumpstart_desc"";s:0:"""";s:4:""sort"";s:0:"""";s:20:""recommendation_order"";s:0:"""";s:10:""introduced"";s:0:"""";s:7:""changed"";s:0:"""";s:10:""deactivate"";s:0:"""";s:4:""free"";s:0:"""";s:19:""requires_connection"";s:0:"""";s:13:""auto_activate"";s:0:"""";s:11:""module_tags"";s:0:"""";s:7:""feature"";s:0:"""";s:25:""additional_search_queries"";s:0:"""";s:12:""plan_classes"";s:0:"""";}s:32:""2ea687cec293289a2a3e5f0459e79768"";a:15:{s:4:""name"";s:8:""Sitemaps"";s:11:""description"";s:50:""Make it easy for search engines to find your site."";s:14:""jumpstart_desc"";s:0:"""";s:4:""sort"";s:2:""13"";s:20:""recommendation_order"";s:0:"""";s:10:""introduced"";s:3:""3.9"";s:7:""changed"";s:0:"""";s:10:""deactivate"";s:0:"""";s:4:""free"";s:0:"""";s:19:""requires_connection"";s:2:""No"";s:13:""auto_activate"";s:6:""Public"";s:11:""module_tags"";s:20:""Recommended, Traffic"";s:7:""feature"";s:0:"""";s:25:""additional_search_queries"";s:39:""sitemap, traffic, search, site map, seo"";s:12:""plan_classes"";s:0:"""";}s:32:""2fe9dc2c7389d4f0825a0b23bc8b19d1"";a:15:{s:4:""name"";s:0:"""";s:11:""description"";s:0:"""";s:14:""jumpstart_desc"";s:0:"""";s:4:""sort"";s:0:"""";s:20:""recommendation_order"";s:0:"""";s:10:""introduced"";s:0:"""";s:7:""changed"";s:0:"""";s:10:""deactivate"";s:0:"""";s:4:""free"";s:0:"""";s:19:""requires_connection"";s:0:"""";s:13:""auto_activate"";s:0:"""";s:11:""module_tags"";s:0:"""";s:7:""feature"";s:0:"""";s:25:""additional_search_queries"";s:0:"""";s:12:""plan_classes"";s:0:"""";}s:32:""e7cf8a7e0f151ccf7cbdc6d8f118f316"";a:15:{s:4:""name"";s:14:""Secure Sign On"";s:11:""description"";s:62:""Allow users to log into this site using WordPress.com accounts"";s:14:""jumpstart_desc"";s:98:""Lets you log in to all your Jetpack-enabled sites with one click using your WordPress.com account."";s:4:""sort"";s:2:""30"";s:20:""recommendation_order"";s:1:""5"";s:10:""introduced"";s:3:""2.6"";s:7:""changed"";s:0:"""";s:10:""deactivate"";s:0:"""";s:4:""free"";s:0:"""";s:19:""requires_connection"";s:3:""Yes"";s:13:""auto_activate"";s:2:""No"";s:11:""module_tags"";s:10:""Developers"";s:7:""feature"";s:19:""Security, Jumpstart"";s:25:""additional_search_queries"";s:34:""sso, single sign on, login, log in"";s:12:""plan_classes"";s:0:"""";}s:32:""34fb073ed896af853ed48bd5739240cb"";a:15:{s:4:""name"";s:10:""Site Stats"";s:11:""description"";s:44:""Collect valuable traffic stats and insights."";s:14:""jumpstart_desc"";s:0:"""";s:4:""sort"";s:1:""1"";s:20:""recommendation_order"";s:1:""2"";s:10:""introduced"";s:3:""1.1"";s:7:""changed"";s:0:"""";s:10:""deactivate"";s:0:"""";s:4:""free"";s:0:"""";s:19:""requires_connection"";s:3:""Yes"";s:13:""auto_activate"";s:3:""Yes"";s:11:""module_tags"";s:23:""Site Stats, Recommended"";s:7:""feature"";s:10:""Engagement"";s:25:""additional_search_queries"";s:54:""statistics, tracking, analytics, views, traffic, stats"";s:12:""plan_classes"";s:0:"""";}s:32:""8de0dfff24a17cf0fa0011dfc691a3f3"";a:15:{s:4:""name"";s:13:""Subscriptions"";s:11:""description"";s:87:""Allow users to subscribe to your posts and comments and receive notifications via email"";s:14:""jumpstart_desc"";s:126:""Give visitors two easy subscription options — while commenting, or via a separate email subscription widget you can display."";s:4:""sort"";s:1:""9"";s:20:""recommendation_order"";s:1:""8"";s:10:""introduced"";s:3:""1.2"";s:7:""changed"";s:0:"""";s:10:""deactivate"";s:0:"""";s:4:""free"";s:0:"""";s:19:""requires_connection"";s:3:""Yes"";s:13:""auto_activate"";s:3:""Yes"";s:11:""module_tags"";s:6:""Social"";s:7:""feature"";s:21:""Engagement, Jumpstart"";s:25:""additional_search_queries"";s:74:""subscriptions, subscription, email, follow, followers, subscribers, signup"";s:12:""plan_classes"";s:0:"""";}s:32:""4744f348db095538d3edcacb0ed99c89"";a:15:{s:4:""name"";s:0:"""";s:11:""description"";s:0:"""";s:14:""jumpstart_desc"";s:0:"""";s:4:""sort"";s:0:"""";s:20:""recommendation_order"";s:0:"""";s:10:""introduced"";s:0:"""";s:7:""changed"";s:0:"""";s:10:""deactivate"";s:0:"""";s:4:""free"";s:0:"""";s:19:""requires_connection"";s:0:"""";s:13:""auto_activate"";s:0:"""";s:11:""module_tags"";s:0:"""";s:7:""feature"";s:0:"""";s:25:""additional_search_queries"";s:0:"""";s:12:""plan_classes"";s:0:"""";}s:32:""d89db0d934b39f86065ff58e73594070"";a:15:{s:4:""name"";s:15:""Tiled Galleries"";s:11:""description"";s:61:""Display image galleries in a variety of elegant arrangements."";s:14:""jumpstart_desc"";s:61:""Display image galleries in a variety of elegant arrangements."";s:4:""sort"";s:2:""24"";s:20:""recommendation_order"";s:0:"""";s:10:""introduced"";s:3:""2.1"";s:7:""changed"";s:0:"""";s:10:""deactivate"";s:0:"""";s:4:""free"";s:0:"""";s:19:""requires_connection"";s:2:""No"";s:13:""auto_activate"";s:2:""No"";s:11:""module_tags"";s:17:""Photos and Videos"";s:7:""feature"";s:21:""Appearance, Jumpstart"";s:25:""additional_search_queries"";s:43:""gallery, tiles, tiled, grid, mosaic, images"";s:12:""plan_classes"";s:0:"""";}s:32:""01987a7ba5e19786f2992501add8181a"";a:15:{s:4:""name"";s:0:"""";s:11:""description"";s:0:"""";s:14:""jumpstart_desc"";s:0:"""";s:4:""sort"";s:0:"""";s:20:""recommendation_order"";s:0:"""";s:10:""introduced"";s:0:"""";s:7:""changed"";s:0:"""";s:10:""deactivate"";s:0:"""";s:4:""free"";s:0:"""";s:19:""requires_connection"";s:0:"""";s:13:""auto_activate"";s:0:"""";s:11:""module_tags"";s:0:"""";s:7:""feature"";s:0:"""";s:25:""additional_search_queries"";s:0:"""";s:12:""plan_classes"";s:0:"""";}s:32:""20459cc462babfc5a82adf6b34f6e8b1"";a:15:{s:4:""name"";s:12:""Data Backups"";s:11:""description"";s:54:""Off-site backups, security scans, and automatic fixes."";s:14:""jumpstart_desc"";s:0:"""";s:4:""sort"";s:2:""32"";s:20:""recommendation_order"";s:0:"""";s:10:""introduced"";s:5:""0:1.2"";s:7:""changed"";s:0:"""";s:10:""deactivate"";s:5:""false"";s:4:""free"";s:5:""false"";s:19:""requires_connection"";s:3:""Yes"";s:13:""auto_activate"";s:3:""Yes"";s:11:""module_tags"";s:0:"""";s:7:""feature"";s:16:""Security, Health"";s:25:""additional_search_queries"";s:28:""vaultpress, backup, security"";s:12:""plan_classes"";s:0:"""";}s:32:""836245eb0a8f0c5272542305a88940c1"";a:15:{s:4:""name"";s:17:""Site verification"";s:11:""description"";s:58:""Establish your site's authenticity with external services."";s:14:""jumpstart_desc"";s:0:"""";s:4:""sort"";s:2:""33"";s:20:""recommendation_order"";s:0:"""";s:10:""introduced"";s:3:""3.0"";s:7:""changed"";s:0:"""";s:10:""deactivate"";s:0:"""";s:4:""free"";s:0:"""";s:19:""requires_connection"";s:2:""No"";s:13:""auto_activate"";s:3:""Yes"";s:11:""module_tags"";s:0:"""";s:7:""feature"";s:10:""Engagement"";s:25:""additional_search_queries"";s:56:""webmaster, seo, google, bing, pinterest, search, console"";s:12:""plan_classes"";s:0:"""";}s:32:""e94397a5c47c1be995eff613e65a674f"";a:15:{s:4:""name"";s:10:""VideoPress"";s:11:""description"";s:27:""Fast, ad-free video hosting"";s:14:""jumpstart_desc"";s:0:"""";s:4:""sort"";s:2:""27"";s:20:""recommendation_order"";s:0:"""";s:10:""introduced"";s:3:""2.5"";s:7:""changed"";s:0:"""";s:10:""deactivate"";s:0:"""";s:4:""free"";s:5:""false"";s:19:""requires_connection"";s:3:""Yes"";s:13:""auto_activate"";s:0:"""";s:11:""module_tags"";s:17:""Photos and Videos"";s:7:""feature"";s:7:""Writing"";s:25:""additional_search_queries"";s:25:""video, videos, videopress"";s:12:""plan_classes"";s:17:""business, premium"";}s:32:""032cd76e08467c732ccb026efda0c9cd"";a:15:{s:4:""name"";s:17:""Widget Visibility"";s:11:""description"";s:42:""Control where widgets appear on your site."";s:14:""jumpstart_desc"";s:0:"""";s:4:""sort"";s:2:""17"";s:20:""recommendation_order"";s:0:"""";s:10:""introduced"";s:3:""2.4"";s:7:""changed"";s:0:"""";s:10:""deactivate"";s:0:"""";s:4:""free"";s:0:"""";s:19:""requires_connection"";s:2:""No"";s:13:""auto_activate"";s:3:""Yes"";s:11:""module_tags"";s:10:""Appearance"";s:7:""feature"";s:10:""Appearance"";s:25:""additional_search_queries"";s:54:""widget visibility, logic, conditional, widgets, widget"";s:12:""plan_classes"";s:0:"""";}s:32:""9b3e84beedf2e96f1ac5dd6498d2b1aa"";a:15:{s:4:""name"";s:21:""Extra Sidebar Widgets"";s:11:""description"";s:54:""Add images, Twitter streams, and more to your sidebar."";s:14:""jumpstart_desc"";s:0:"""";s:4:""sort"";s:1:""4"";s:20:""recommendation_order"";s:0:"""";s:10:""introduced"";s:3:""1.2"";s:7:""changed"";s:0:"""";s:10:""deactivate"";s:0:"""";s:4:""free"";s:0:"""";s:19:""requires_connection"";s:2:""No"";s:13:""auto_activate"";s:3:""Yes"";s:11:""module_tags"";s:18:""Social, Appearance"";s:7:""feature"";s:10:""Appearance"";s:25:""additional_search_queries"";s:65:""widget, widgets, facebook, gallery, twitter, gravatar, image, rss"";s:12:""plan_classes"";s:0:"""";}s:32:""7724fd9600745cf93e37cc09282e1a37"";a:15:{s:4:""name"";s:3:""Ads"";s:11:""description"";s:60:""Earn income by allowing Jetpack to display high quality ads."";s:14:""jumpstart_desc"";s:0:"""";s:4:""sort"";s:1:""1"";s:20:""recommendation_order"";s:0:"""";s:10:""introduced"";s:5:""4.5.0"";s:7:""changed"";s:0:"""";s:10:""deactivate"";s:0:"""";s:4:""free"";s:0:"""";s:19:""requires_connection"";s:3:""Yes"";s:13:""auto_activate"";s:2:""No"";s:11:""module_tags"";s:19:""Traffic, Appearance"";s:7:""feature"";s:0:"""";s:25:""additional_search_queries"";s:26:""advertising, ad codes, ads"";s:12:""plan_classes"";s:17:""premium, business"";}s:32:""5b8f8e5b5a1887e3c0393cb78d5143a3"";a:15:{s:4:""name"";s:0:"""";s:11:""description"";s:0:"""";s:14:""jumpstart_desc"";s:0:"""";s:4:""sort"";s:0:"""";s:20:""recommendation_order"";s:0:"""";s:10:""introduced"";s:0:"""";s:7:""changed"";s:0:"""";s:10:""deactivate"";s:0:"""";s:4:""free"";s:0:"""";s:19:""requires_connection"";s:0:"""";s:13:""auto_activate"";s:0:"""";s:11:""module_tags"";s:0:"""";s:7:""feature"";s:0:"""";s:25:""additional_search_queries"";s:0:"""";s:12:""plan_classes"";s:0:"""";}}","no"
"106","mm_install_date","2019-10-05","yes"
"107","mm_coming_soon","true","yes"
"108","mm_brand","BlueHost","yes"
"109","host_id","b7119342-0c17-11e2-8b3b-0030483370c8","yes"
"120","jetpack_available_modules","a:1:{s:3:""6.8"";a:44:{s:18:""after-the-deadline"";s:3:""1.1"";s:8:""carousel"";s:3:""1.5"";s:13:""comment-likes"";s:3:""5.1"";s:8:""comments"";s:3:""1.4"";s:12:""contact-form"";s:3:""1.3"";s:20:""custom-content-types"";s:3:""3.1"";s:10:""custom-css"";s:3:""1.7"";s:21:""enhanced-distribution"";s:3:""1.2"";s:16:""google-analytics"";s:3:""4.5"";s:19:""gravatar-hovercards"";s:3:""1.1"";s:15:""infinite-scroll"";s:3:""2.0"";s:8:""json-api"";s:3:""1.9"";s:5:""latex"";s:3:""1.1"";s:11:""lazy-images"";s:5:""5.6.0"";s:5:""likes"";s:3:""2.2"";s:6:""manage"";s:3:""3.4"";s:8:""markdown"";s:3:""2.8"";s:9:""masterbar"";s:3:""4.8"";s:9:""minileven"";s:3:""1.8"";s:7:""monitor"";s:3:""2.6"";s:5:""notes"";s:3:""1.9"";s:10:""photon-cdn"";s:3:""6.6"";s:6:""photon"";s:3:""2.0"";s:13:""post-by-email"";s:3:""2.0"";s:7:""protect"";s:3:""3.4"";s:9:""publicize"";s:3:""2.0"";s:3:""pwa"";s:5:""5.6.0"";s:13:""related-posts"";s:3:""2.9"";s:6:""search"";s:3:""5.0"";s:9:""seo-tools"";s:3:""4.4"";s:10:""sharedaddy"";s:3:""1.1"";s:10:""shortcodes"";s:3:""1.1"";s:10:""shortlinks"";s:3:""1.1"";s:8:""sitemaps"";s:3:""3.9"";s:3:""sso"";s:3:""2.6"";s:5:""stats"";s:3:""1.1"";s:13:""subscriptions"";s:3:""1.2"";s:13:""tiled-gallery"";s:3:""2.1"";s:10:""vaultpress"";s:5:""0:1.2"";s:18:""verification-tools"";s:3:""3.0"";s:10:""videopress"";s:3:""2.5"";s:17:""widget-visibility"";s:3:""2.4"";s:7:""widgets"";s:3:""1.2"";s:7:""wordads"";s:5:""4.5.0"";}}","yes"
"121","jetpack_options","a:7:{s:7:""version"";s:14:""6.8:1570241864"";s:11:""old_version"";s:14:""6.8:1570241864"";s:28:""fallback_no_verify_ssl_certs"";i:0;s:9:""time_diff"";i:0;s:2:""id"";i:167675648;s:6:""public"";i:1;s:9:""jumpstart"";s:14:""new_connection"";}","yes"
"122","wpforms_version","1.5.0.1","yes"
"123","wpforms_activated","a:1:{s:4:""lite"";i:1570241864;}","yes"
"172","db_upgraded","1","yes"
"126","enduance_page_cache","2","yes"
"127","jetpack_sync_settings_disable","0","yes"
"128","widget_pages","a:1:{s:12:""_multiwidget"";i:1;}","yes"
"129","widget_calendar","a:1:{s:12:""_multiwidget"";i:1;}","yes"
"130","widget_media_audio","a:1:{s:12:""_multiwidget"";i:1;}","yes"
"131","widget_media_image","a:1:{s:12:""_multiwidget"";i:1;}","yes"
"132","widget_media_gallery","a:1:{s:12:""_multiwidget"";i:1;}","yes"
"133","widget_media_video","a:1:{s:12:""_multiwidget"";i:1;}","yes"
"134","widget_tag_cloud","a:1:{s:12:""_multiwidget"";i:1;}","yes"
"135","widget_nav_menu","a:1:{s:12:""_multiwidget"";i:1;}","yes"
"136","widget_custom_html","a:1:{s:12:""_multiwidget"";i:1;}","yes"
"137","widget_optin-monster-api","a:1:{s:12:""_multiwidget"";i:1;}","yes"
"138","widget_wpforms-widget","a:1:{s:12:""_multiwidget"";i:1;}","yes"
"181","_mm_refresh_token","5d97fe43-ddac-4db8-bb40-58620a141f3b","yes"
"140","allow_major_auto_core_updates","true","yes"
"141","allow_minor_auto_core_updates","true","yes"
"142","auto_update_plugin","true","yes"
"143","auto_update_theme","true","yes"
"144","auto_update_translation","true","yes"
"373","_site_transient_update_core","O:8:""stdClass"":4:{s:7:""updates"";a:1:{i:0;O:8:""stdClass"":10:{s:8:""response"";s:6:""latest"";s:8:""download"";s:59:""https://downloads.wordpress.org/release/wordpress-5.2.4.zip"";s:6:""locale"";s:5:""en_US"";s:8:""packages"";O:8:""stdClass"":5:{s:4:""full"";s:59:""https://downloads.wordpress.org/release/wordpress-5.2.4.zip"";s:10:""no_content"";s:70:""https://downloads.wordpress.org/release/wordpress-5.2.4-no-content.zip"";s:11:""new_bundled"";s:71:""https://downloads.wordpress.org/release/wordpress-5.2.4-new-bundled.zip"";s:7:""partial"";b:0;s:8:""rollback"";b:0;}s:7:""current"";s:5:""5.2.4"";s:7:""version"";s:5:""5.2.4"";s:11:""php_version"";s:6:""5.6.20"";s:13:""mysql_version"";s:3:""5.0"";s:11:""new_bundled"";s:3:""5.0"";s:15:""partial_version"";s:0:"""";}}s:12:""last_checked"";i:1573250227;s:15:""version_checked"";s:5:""5.2.4"";s:12:""translations"";a:0:{}}","no"
"146","jetpack_tos_agreed","1","yes"
"147","jetpack_secrets","a:1:{s:19:""jetpack_authorize_2"";a:3:{s:8:""secret_1"";s:32:""9MtDXPth5jUkfevsw3PObomGiElsMDQJ"";s:8:""secret_2"";s:32:""sWHD3mh6EnFpYMZuzXi3ejIkoUhv7LTt"";s:3:""exp"";i:1570242506;}}","no"
"148","jetpack_private_options","a:1:{s:10:""blog_token"";s:65:""BYMR@D1Q#zjkkP*lNWCG&qoa4ftXo33%.CfuzZM(L)D^NYhZ^j5ZQwDOgsBsMLrg#"";}","yes"
"189","_transient_timeout_epc_purged_7af71e0e7ca8e748b71986c66964ffa7","1570248067","no"
"190","_transient_epc_purged_7af71e0e7ca8e748b71986c66964ffa7","1570248007","no"
"185","_transient_timeout_epc_purged_7176ba1e4f373b5c7e04f4c3131aaed7","1570245874","no"
"186","_transient_epc_purged_7176ba1e4f373b5c7e04f4c3131aaed7","1570245814","no"
"150","_transient_timeout_mojo_plugin_assets","1570263508","no"
"151","_transient_mojo_plugin_assets","a:6:{s:7:""headers"";O:42:""Requests_Utility_CaseInsensitiveDictionary"":1:{s:7:"" * data"";a:9:{s:6:""server"";s:12:""nginx/1.10.1"";s:4:""date"";s:29:""Sat, 05 Oct 2019 02:18:28 GMT"";s:12:""content-type"";s:16:""application/json"";s:14:""content-length"";s:3:""829"";s:13:""last-modified"";s:29:""Mon, 25 Mar 2019 15:42:55 GMT"";s:4:""etag"";s:14:""""5c98f6ff-33d"""";s:13:""accept-ranges"";s:5:""bytes"";s:4:""vary"";s:6:""Origin"";s:10:""set-cookie"";s:19:""APISVR=a0n2; path=/"";}}s:4:""body"";s:829:""{
   ""endurance-page-cache"":{
      ""constant"":""EPC_VERSION"",
      ""version"":""1.5"",
      ""source"":""https:\/\/raw.githubusercontent.com\/bluehost\/endurance-page-cache\/production\/endurance-page-cache.php"",
      ""destination"":""\/mu-plugins\/endurance-page-cache.php""
   },
   ""endurance-browser-cache"":{
      ""constant"":""EBC_VERSION"",
      ""version"":""0.4"",
      ""source"":""https:\/\/raw.githubusercontent.com\/bluehost\/endurance-browser-cache\/production\/endurance-browser-cache.php"",
      ""destination"":""\/mu-plugins\/endurance-browser-cache.php""
   },
   ""endurance-php-edge"":{
      ""constant"":""EPE_VERSION"",
      ""version"":""0.1"",
      ""source"":""https:\/\/raw.githubusercontent.com\/bluehost\/endurance-php-edge\/production\/endurance-php-edge.php"",
      ""destination"":""\/mu-plugins\/endurance-php-edge.php""
   }
}
"";s:8:""response"";a:2:{s:4:""code"";i:200;s:7:""message"";s:2:""OK"";}s:7:""cookies"";a:1:{i:0;O:14:""WP_Http_Cookie"":5:{s:4:""name"";s:6:""APISVR"";s:5:""value"";s:4:""a0n2"";s:7:""expires"";N;s:4:""path"";s:1:""/"";s:6:""domain"";s:23:""api.mojomarketplace.com"";}}s:8:""filename"";N;s:13:""http_response"";O:25:""WP_HTTP_Requests_Response"":5:{s:11:"" * response"";O:17:""Requests_Response"":10:{s:4:""body"";s:829:""{
   ""endurance-page-cache"":{
      ""constant"":""EPC_VERSION"",
      ""version"":""1.5"",
      ""source"":""https:\/\/raw.githubusercontent.com\/bluehost\/endurance-page-cache\/production\/endurance-page-cache.php"",
      ""destination"":""\/mu-plugins\/endurance-page-cache.php""
   },
   ""endurance-browser-cache"":{
      ""constant"":""EBC_VERSION"",
      ""version"":""0.4"",
      ""source"":""https:\/\/raw.githubusercontent.com\/bluehost\/endurance-browser-cache\/production\/endurance-browser-cache.php"",
      ""destination"":""\/mu-plugins\/endurance-browser-cache.php""
   },
   ""endurance-php-edge"":{
      ""constant"":""EPE_VERSION"",
      ""version"":""0.1"",
      ""source"":""https:\/\/raw.githubusercontent.com\/bluehost\/endurance-php-edge\/production\/endurance-php-edge.php"",
      ""destination"":""\/mu-plugins\/endurance-php-edge.php""
   }
}
"";s:3:""raw"";s:1116:""HTTP/1.1 200 OK
Server: nginx/1.10.1
Date: Sat, 05 Oct 2019 02:18:28 GMT
Content-Type: application/json
Content-Length: 829
Last-Modified: Mon, 25 Mar 2019 15:42:55 GMT
Connection: close
ETag: ""5c98f6ff-33d""
Accept-Ranges: bytes
Vary: Origin
Set-Cookie: APISVR=a0n2; path=/

{
   ""endurance-page-cache"":{
      ""constant"":""EPC_VERSION"",
      ""version"":""1.5"",
      ""source"":""https:\/\/raw.githubusercontent.com\/bluehost\/endurance-page-cache\/production\/endurance-page-cache.php"",
      ""destination"":""\/mu-plugins\/endurance-page-cache.php""
   },
   ""endurance-browser-cache"":{
      ""constant"":""EBC_VERSION"",
      ""version"":""0.4"",
      ""source"":""https:\/\/raw.githubusercontent.com\/bluehost\/endurance-browser-cache\/production\/endurance-browser-cache.php"",
      ""destination"":""\/mu-plugins\/endurance-browser-cache.php""
   },
   ""endurance-php-edge"":{
      ""constant"":""EPE_VERSION"",
      ""version"":""0.1"",
      ""source"":""https:\/\/raw.githubusercontent.com\/bluehost\/endurance-php-edge\/production\/endurance-php-edge.php"",
      ""destination"":""\/mu-plugins\/endurance-php-edge.php""
   }
}
"";s:7:""headers"";O:25:""Requests_Response_Headers"":1:{s:7:"" * data"";a:9:{s:6:""server"";a:1:{i:0;s:12:""nginx/1.10.1"";}s:4:""date"";a:1:{i:0;s:29:""Sat, 05 Oct 2019 02:18:28 GMT"";}s:12:""content-type"";a:1:{i:0;s:16:""application/json"";}s:14:""content-length"";a:1:{i:0;s:3:""829"";}s:13:""last-modified"";a:1:{i:0;s:29:""Mon, 25 Mar 2019 15:42:55 GMT"";}s:4:""etag"";a:1:{i:0;s:14:""""5c98f6ff-33d"""";}s:13:""accept-ranges"";a:1:{i:0;s:5:""bytes"";}s:4:""vary"";a:1:{i:0;s:6:""Origin"";}s:10:""set-cookie"";a:1:{i:0;s:19:""APISVR=a0n2; path=/"";}}}s:11:""status_code"";i:200;s:16:""protocol_version"";d:1.100000000000000088817841970012523233890533447265625;s:7:""success"";b:1;s:9:""redirects"";i:0;s:3:""url"";s:71:""https://api.mojomarketplace.com/mojo-plugin-assets/json/mu-plugins.json"";s:7:""history"";a:0:{}s:7:""cookies"";O:19:""Requests_Cookie_Jar"":1:{s:10:"" * cookies"";a:1:{s:6:""APISVR"";O:15:""Requests_Cookie"":5:{s:4:""name"";s:6:""APISVR"";s:5:""value"";s:4:""a0n2"";s:10:""attributes"";O:42:""Requests_Utility_CaseInsensitiveDictionary"":1:{s:7:"" * data"";a:2:{s:4:""path"";s:1:""/"";s:6:""domain"";s:23:""api.mojomarketplace.com"";}}s:5:""flags"";a:4:{s:8:""creation"";i:1570241908;s:11:""last-access"";i:1570241908;s:10:""persistent"";b:0;s:9:""host-only"";b:1;}s:14:""reference_time"";i:1570241908;}}}}s:11:"" * filename"";N;s:4:""data"";N;s:7:""headers"";N;s:6:""status"";N;}}","no"
"152","mm_host","b7119342-0c17-11e2-8b3b-0030483370c8","yes"
"153","optinmonster_trial_id","1258907","yes"
"154","wpforms_shareasale_id","1258907","yes"
"155","wpforms_constant_contact","show","yes"
"161","_transient_timeout__monsterinsights_activation_redirect","1570241958","no"
"162","_transient__monsterinsights_activation_redirect","1","no"
"163","monsterinsights_over_time","a:3:{s:17:""installed_version"";s:5:""7.9.0"";s:14:""installed_date"";i:1570241929;s:13:""installed_pro"";b:0;}","yes"
"164","monsterinsights_db_version","7.4.0","yes"
"165","monsterinsights_current_version","7.10.0","yes"
"166","monsterinsights_settings","a:17:{s:22:""enable_affiliate_links"";b:1;s:15:""affiliate_links"";a:2:{i:0;a:2:{s:4:""path"";s:4:""/go/"";s:5:""label"";s:9:""affiliate"";}i:1;a:2:{s:4:""path"";s:11:""/recommend/"";s:5:""label"";s:9:""affiliate"";}}s:12:""demographics"";i:1;s:12:""ignore_users"";a:1:{i:0;s:13:""administrator"";}s:19:""dashboards_disabled"";i:0;s:13:""anonymize_ips"";i:0;s:19:""extensions_of_files"";s:34:""doc,pdf,ppt,zip,xls,docx,pptx,xlsx"";s:18:""subdomain_tracking"";s:0:"""";s:16:""link_attribution"";b:1;s:16:""tag_links_in_rss"";b:1;s:12:""allow_anchor"";i:0;s:16:""add_allow_linker"";i:0;s:11:""custom_code"";s:0:"""";s:13:""save_settings"";a:1:{i:0;s:13:""administrator"";}s:12:""view_reports"";a:2:{i:0;s:13:""administrator"";i:1;s:6:""editor"";}s:11:""events_mode"";s:2:""js"";s:13:""tracking_mode"";s:9:""analytics"";}","yes"
"167","monsterinsights_shareasale_id","1258907","yes"
"178","monsterinsights_usage_tracking_config","a:6:{s:3:""day"";i:3;s:4:""hour"";i:6;s:6:""minute"";i:52;s:6:""second"";i:12;s:6:""offset"";i:283932;s:8:""initsend"";i:1570603932;}","yes"
"180","recovery_keys","a:0:{}","yes"
"770","_site_transient_timeout_theme_roots","1573252029","no"
"771","_site_transient_theme_roots","a:3:{s:14:""twentynineteen"";s:7:""/themes"";s:15:""twentyseventeen"";s:7:""/themes"";s:13:""twentysixteen"";s:7:""/themes"";}","no"
"676","_transient_timeout_mm_spam_d6826eedf067f80b3bf973dff4ed7f66","1572641884","no"
"677","_transient_mm_spam_d6826eedf067f80b3bf973dff4ed7f66","no","no"
"559","_transient_timeout_mm_spam_72d127c080101b149a4c896a137e534b","1572123317","no"
"560","_transient_mm_spam_72d127c080101b149a4c896a137e534b","no","no"
"739","_transient_timeout_mm_spam_972f8c9d035553003b0e8434e3cc14fb","1573077019","no"
"740","_transient_mm_spam_972f8c9d035553003b0e8434e3cc14fb","no","no"
"763","_transient_timeout_mm_spam_e667c11e5c3bc01b939e1a3990d66ee6","1573250302","no"
"764","_transient_mm_spam_e667c11e5c3bc01b939e1a3990d66ee6","no","no"
"773","monsterinsights_version_upgraded_from","7.9.0","yes"
"777","_transient_timeout_jetpack_idc_allowed","1573257888","no"
"778","_transient_jetpack_idc_allowed","1","no"
"169","_site_transient_update_themes","O:8:""stdClass"":4:{s:12:""last_checked"";i:1573250229;s:7:""checked"";a:3:{s:14:""twentynineteen"";s:3:""1.4"";s:15:""twentyseventeen"";s:3:""2.2"";s:13:""twentysixteen"";s:3:""2.0"";}s:8:""response"";a:0:{}s:12:""translations"";a:0:{}}","no"
"748","_transient_timeout_mm_spam_983bf02d80060d6d7c822d2ed4a286f7","1573163171","no"
"749","_transient_mm_spam_983bf02d80060d6d7c822d2ed4a286f7","no","no"
"772","_site_transient_update_plugins","O:8:""stdClass"":5:{s:12:""last_checked"";i:1573250230;s:7:""checked"";a:7:{s:19:""akismet/akismet.php"";s:5:""4.1.3"";s:50:""google-analytics-for-wordpress/googleanalytics.php"";s:6:""7.10.0"";s:21:""hello-dolly/hello.php"";s:5:""1.7.2"";s:19:""jetpack/jetpack.php"";s:3:""7.9"";s:47:""mojo-marketplace-wp-plugin/mojo-marketplace.php"";s:3:""1.5"";s:37:""optinmonster/optin-monster-wp-api.php"";s:5:""1.8.4"";s:24:""wpforms-lite/wpforms.php"";s:7:""1.5.6.2"";}s:8:""response"";a:0:{}s:12:""translations"";a:0:{}s:9:""no_update"";a:6:{s:19:""akismet/akismet.php"";O:8:""stdClass"":9:{s:2:""id"";s:21:""w.org/plugins/akismet"";s:4:""slug"";s:7:""akismet"";s:6:""plugin"";s:19:""akismet/akismet.php"";s:11:""new_version"";s:5:""4.1.3"";s:3:""url"";s:38:""https://wordpress.org/plugins/akismet/"";s:7:""package"";s:56:""https://downloads.wordpress.org/plugin/akismet.4.1.3.zip"";s:5:""icons"";a:2:{s:2:""2x"";s:59:""https://ps.w.org/akismet/assets/icon-256x256.png?rev=969272"";s:2:""1x"";s:59:""https://ps.w.org/akismet/assets/icon-128x128.png?rev=969272"";}s:7:""banners"";a:1:{s:2:""1x"";s:61:""https://ps.w.org/akismet/assets/banner-772x250.jpg?rev=479904"";}s:11:""banners_rtl"";a:0:{}}s:50:""google-analytics-for-wordpress/googleanalytics.php"";O:8:""stdClass"":9:{s:2:""id"";s:44:""w.org/plugins/google-analytics-for-wordpress"";s:4:""slug"";s:30:""google-analytics-for-wordpress"";s:6:""plugin"";s:50:""google-analytics-for-wordpress/googleanalytics.php"";s:11:""new_version"";s:6:""7.10.0"";s:3:""url"";s:61:""https://wordpress.org/plugins/google-analytics-for-wordpress/"";s:7:""package"";s:80:""https://downloads.wordpress.org/plugin/google-analytics-for-wordpress.7.10.0.zip"";s:5:""icons"";a:3:{s:2:""2x"";s:83:""https://ps.w.org/google-analytics-for-wordpress/assets/icon-256x256.png?rev=1598927"";s:2:""1x"";s:75:""https://ps.w.org/google-analytics-for-wordpress/assets/icon.svg?rev=1598927"";s:3:""svg"";s:75:""https://ps.w.org/google-analytics-for-wordpress/assets/icon.svg?rev=1598927"";}s:7:""banners"";a:2:{s:2:""2x"";s:86:""https://ps.w.org/google-analytics-for-wordpress/assets/banner-1544x500.png?rev=2159532"";s:2:""1x"";s:85:""https://ps.w.org/google-analytics-for-wordpress/assets/banner-772x250.png?rev=2159532"";}s:11:""banners_rtl"";a:0:{}}s:21:""hello-dolly/hello.php"";O:8:""stdClass"":9:{s:2:""id"";s:25:""w.org/plugins/hello-dolly"";s:4:""slug"";s:11:""hello-dolly"";s:6:""plugin"";s:21:""hello-dolly/hello.php"";s:11:""new_version"";s:5:""1.7.2"";s:3:""url"";s:42:""https://wordpress.org/plugins/hello-dolly/"";s:7:""package"";s:60:""https://downloads.wordpress.org/plugin/hello-dolly.1.7.2.zip"";s:5:""icons"";a:2:{s:2:""2x"";s:64:""https://ps.w.org/hello-dolly/assets/icon-256x256.jpg?rev=2052855"";s:2:""1x"";s:64:""https://ps.w.org/hello-dolly/assets/icon-128x128.jpg?rev=2052855"";}s:7:""banners"";a:1:{s:2:""1x"";s:66:""https://ps.w.org/hello-dolly/assets/banner-772x250.jpg?rev=2052855"";}s:11:""banners_rtl"";a:0:{}}s:19:""jetpack/jetpack.php"";O:8:""stdClass"":9:{s:2:""id"";s:21:""w.org/plugins/jetpack"";s:4:""slug"";s:7:""jetpack"";s:6:""plugin"";s:19:""jetpack/jetpack.php"";s:11:""new_version"";s:3:""7.9"";s:3:""url"";s:38:""https://wordpress.org/plugins/jetpack/"";s:7:""package"";s:54:""https://downloads.wordpress.org/plugin/jetpack.7.9.zip"";s:5:""icons"";a:3:{s:2:""2x"";s:60:""https://ps.w.org/jetpack/assets/icon-256x256.png?rev=1791404"";s:2:""1x"";s:52:""https://ps.w.org/jetpack/assets/icon.svg?rev=1791404"";s:3:""svg"";s:52:""https://ps.w.org/jetpack/assets/icon.svg?rev=1791404"";}s:7:""banners"";a:2:{s:2:""2x"";s:63:""https://ps.w.org/jetpack/assets/banner-1544x500.png?rev=1791404"";s:2:""1x"";s:62:""https://ps.w.org/jetpack/assets/banner-772x250.png?rev=1791404"";}s:11:""banners_rtl"";a:0:{}}s:37:""optinmonster/optin-monster-wp-api.php"";O:8:""stdClass"":9:{s:2:""id"";s:26:""w.org/plugins/optinmonster"";s:4:""slug"";s:12:""optinmonster"";s:6:""plugin"";s:37:""optinmonster/optin-monster-wp-api.php"";s:11:""new_version"";s:5:""1.8.4"";s:3:""url"";s:43:""https://wordpress.org/plugins/optinmonster/"";s:7:""package"";s:55:""https://downloads.wordpress.org/plugin/optinmonster.zip"";s:5:""icons"";a:2:{s:2:""2x"";s:65:""https://ps.w.org/optinmonster/assets/icon-256x256.png?rev=1145864"";s:2:""1x"";s:65:""https://ps.w.org/optinmonster/assets/icon-128x128.png?rev=1145864"";}s:7:""banners"";a:2:{s:2:""2x"";s:68:""https://ps.w.org/optinmonster/assets/banner-1544x500.png?rev=1145863"";s:2:""1x"";s:67:""https://ps.w.org/optinmonster/assets/banner-772x250.png?rev=1145863"";}s:11:""banners_rtl"";a:0:{}}s:24:""wpforms-lite/wpforms.php"";O:8:""stdClass"":9:{s:2:""id"";s:26:""w.org/plugins/wpforms-lite"";s:4:""slug"";s:12:""wpforms-lite"";s:6:""plugin"";s:24:""wpforms-lite/wpforms.php"";s:11:""new_version"";s:7:""1.5.6.2"";s:3:""url"";s:43:""https://wordpress.org/plugins/wpforms-lite/"";s:7:""package"";s:63:""https://downloads.wordpress.org/plugin/wpforms-lite.1.5.6.2.zip"";s:5:""icons"";a:2:{s:2:""2x"";s:65:""https://ps.w.org/wpforms-lite/assets/icon-256x256.png?rev=1371112"";s:2:""1x"";s:65:""https://ps.w.org/wpforms-lite/assets/icon-128x128.png?rev=1371112"";}s:7:""banners"";a:2:{s:2:""2x"";s:68:""https://ps.w.org/wpforms-lite/assets/banner-1544x500.png?rev=1371112"";s:2:""1x"";s:67:""https://ps.w.org/wpforms-lite/assets/banner-772x250.png?rev=1371112"";}s:11:""banners_rtl"";a:0:{}}}}","no"
"775","_transient_timeout_mm_api_calls","1573339606","no"
"776","_transient_mm_api_calls","a:1:{s:32:""8b6414ea1a1f66f96e32726bc72b5763"";a:6:{s:7:""headers"";O:42:""Requests_Utility_CaseInsensitiveDictionary"":1:{s:7:"" * data"";a:9:{s:6:""server"";s:12:""nginx/1.10.0"";s:4:""date"";s:29:""Fri, 08 Nov 2019 22:46:46 GMT"";s:12:""content-type"";s:16:""application/json"";s:14:""content-length"";s:3:""539"";s:13:""last-modified"";s:29:""Mon, 17 Jul 2017 20:22:40 GMT"";s:4:""etag"";s:14:""""596d1c90-21b"""";s:13:""accept-ranges"";s:5:""bytes"";s:4:""vary"";s:6:""Origin"";s:10:""set-cookie"";s:19:""WEBSVR=w0n2; path=/"";}}s:4:""body"";s:539:""{
   ""BlueHost"":""bluehost"",
   ""BlueHost_for_Education"":""bluehost"",
   ""BlueHost_Optimized_for_WordPress"":""bluehost"",
   ""Bluehost_QI"":""bluehost"",
   ""Bluehost_India"":""bluehost-india"",
   ""Just_Host"":""default"",
   ""Just_Host_QI"":""default"",
   ""HostMonster"":""default"",
   ""Hostmonster_QI"":""default"",
   ""HostGator_QI"":""default"",
   ""HostGator_com_for_Resellers"":""default"",
   ""Hostgator_Com_LLC"":""default"",
   ""HostGatorSG"":""default"",
   ""Hostgator_India"":""hostgator-india"",
   ""iPower"":""ipower"",
   ""iPage"":""ipage"",
   ""FatCow"":""fatcow""
}
"";s:8:""response"";a:2:{s:4:""code"";i:200;s:7:""message"";s:2:""OK"";}s:7:""cookies"";a:1:{i:0;O:14:""WP_Http_Cookie"":6:{s:4:""name"";s:6:""WEBSVR"";s:5:""value"";s:4:""w0n2"";s:7:""expires"";N;s:4:""path"";s:1:""/"";s:6:""domain"";s:23:""www.mojomarketplace.com"";s:9:""host_only"";b:1;}}s:8:""filename"";N;s:13:""http_response"";O:25:""WP_HTTP_Requests_Response"":5:{s:11:"" * response"";O:17:""Requests_Response"":10:{s:4:""body"";s:539:""{
   ""BlueHost"":""bluehost"",
   ""BlueHost_for_Education"":""bluehost"",
   ""BlueHost_Optimized_for_WordPress"":""bluehost"",
   ""Bluehost_QI"":""bluehost"",
   ""Bluehost_India"":""bluehost-india"",
   ""Just_Host"":""default"",
   ""Just_Host_QI"":""default"",
   ""HostMonster"":""default"",
   ""Hostmonster_QI"":""default"",
   ""HostGator_QI"":""default"",
   ""HostGator_com_for_Resellers"":""default"",
   ""Hostgator_Com_LLC"":""default"",
   ""HostGatorSG"":""default"",
   ""Hostgator_India"":""hostgator-india"",
   ""iPower"":""ipower"",
   ""iPage"":""ipage"",
   ""FatCow"":""fatcow""
}
"";s:3:""raw"";s:826:""HTTP/1.1 200 OK
Server: nginx/1.10.0
Date: Fri, 08 Nov 2019 22:46:46 GMT
Content-Type: application/json
Content-Length: 539
Last-Modified: Mon, 17 Jul 2017 20:22:40 GMT
Connection: close
ETag: ""596d1c90-21b""
Accept-Ranges: bytes
Vary: Origin
Set-Cookie: WEBSVR=w0n2; path=/

{
   ""BlueHost"":""bluehost"",
   ""BlueHost_for_Education"":""bluehost"",
   ""BlueHost_Optimized_for_WordPress"":""bluehost"",
   ""Bluehost_QI"":""bluehost"",
   ""Bluehost_India"":""bluehost-india"",
   ""Just_Host"":""default"",
   ""Just_Host_QI"":""default"",
   ""HostMonster"":""default"",
   ""Hostmonster_QI"":""default"",
   ""HostGator_QI"":""default"",
   ""HostGator_com_for_Resellers"":""default"",
   ""Hostgator_Com_LLC"":""default"",
   ""HostGatorSG"":""default"",
   ""Hostgator_India"":""hostgator-india"",
   ""iPower"":""ipower"",
   ""iPage"":""ipage"",
   ""FatCow"":""fatcow""
}
"";s:7:""headers"";O:25:""Requests_Response_Headers"":1:{s:7:"" * data"";a:9:{s:6:""server"";a:1:{i:0;s:12:""nginx/1.10.0"";}s:4:""date"";a:1:{i:0;s:29:""Fri, 08 Nov 2019 22:46:46 GMT"";}s:12:""content-type"";a:1:{i:0;s:16:""application/json"";}s:14:""content-length"";a:1:{i:0;s:3:""539"";}s:13:""last-modified"";a:1:{i:0;s:29:""Mon, 17 Jul 2017 20:22:40 GMT"";}s:4:""etag"";a:1:{i:0;s:14:""""596d1c90-21b"""";}s:13:""accept-ranges"";a:1:{i:0;s:5:""bytes"";}s:4:""vary"";a:1:{i:0;s:6:""Origin"";}s:10:""set-cookie"";a:1:{i:0;s:19:""WEBSVR=w0n2; path=/"";}}}s:11:""status_code"";i:200;s:16:""protocol_version"";d:1.100000000000000088817841970012523233890533447265625;s:7:""success"";b:1;s:9:""redirects"";i:0;s:3:""url"";s:69:""https://www.mojomarketplace.com/mojo-plugin-assets/json/branding.json"";s:7:""history"";a:0:{}s:7:""cookies"";O:19:""Requests_Cookie_Jar"":1:{s:10:"" * cookies"";a:1:{s:6:""WEBSVR"";O:15:""Requests_Cookie"":5:{s:4:""name"";s:6:""WEBSVR"";s:5:""value"";s:4:""w0n2"";s:10:""attributes"";O:42:""Requests_Utility_CaseInsensitiveDictionary"":1:{s:7:"" * data"";a:2:{s:4:""path"";s:1:""/"";s:6:""domain"";s:23:""www.mojomarketplace.com"";}}s:5:""flags"";a:4:{s:8:""creation"";i:1573253206;s:11:""last-access"";i:1573253206;s:10:""persistent"";b:0;s:9:""host-only"";b:1;}s:14:""reference_time"";i:1573253206;}}}}s:11:"" * filename"";N;s:4:""data"";N;s:7:""headers"";N;s:6:""status"";N;}}}","no"
"1","2","_wp_page_template","default"
"2","3","_wp_page_template","default"
"1","2","2019-10-05 02:17:43","2019-10-05 02:17:43","<!-- wp:paragraph -->
<p>Welcome to WordPress. This is your first post. Edit or delete it, then start writing!</p>
<!-- /wp:paragraph -->","Hello world!",,"publish","open","open",,"hello-world",,,"2019-10-05 02:17:43","2019-10-05 02:17:43",,"0","http:/?p=1","0","post",,"1"
"2","2","2019-10-05 02:17:43","2019-10-05 02:17:43","<!-- wp:paragraph -->
<p>This is an example page. It's different from a blog post because it will stay in one place and will show up in your site navigation (in most themes). Most people start with an About page that introduces them to potential site visitors. It might say something like this:</p>
<!-- /wp:paragraph -->

<!-- wp:quote -->
<blockquote class=""wp-block-quote""><p>Hi there! I'm a bike messenger by day, aspiring actor by night, and this is my website. I live in Los Angeles, have a great dog named Jack, and I like pi&#241;a coladas. (And gettin' caught in the rain.)</p></blockquote>
<!-- /wp:quote -->

<!-- wp:paragraph -->
<p>...or something like this:</p>
<!-- /wp:paragraph -->

<!-- wp:quote -->
<blockquote class=""wp-block-quote""><p>The XYZ Doohickey Company was founded in 1971, and has been providing quality doohickeys to the public ever since. Located in Gotham City, XYZ employs over 2,000 people and does all kinds of awesome things for the Gotham community.</p></blockquote>
<!-- /wp:quote -->

<!-- wp:paragraph -->
<p>As a new WordPress user, you should go to <a href=""http:/wp-admin/"">your dashboard</a> to delete this page and create new pages for your content. Have fun!</p>
<!-- /wp:paragraph -->","Sample Page",,"publish","closed","open",,"sample-page",,,"2019-10-05 02:17:43","2019-10-05 02:17:43",,"0","http:/?page_id=2","0","page",,"0"
"3","2","2019-10-05 02:17:43","2019-10-05 02:17:43","<!-- wp:heading --><h2>Who we are</h2><!-- /wp:heading --><!-- wp:paragraph --><p>Our website address is: http:.</p><!-- /wp:paragraph --><!-- wp:heading --><h2>What personal data we collect and why we collect it</h2><!-- /wp:heading --><!-- wp:heading {""level"":3} --><h3>Comments</h3><!-- /wp:heading --><!-- wp:paragraph --><p>When visitors leave comments on the site we collect the data shown in the comments form, and also the visitor&#8217;s IP address and browser user agent string to help spam detection.</p><!-- /wp:paragraph --><!-- wp:paragraph --><p>An anonymized string created from your email address (also called a hash) may be provided to the Gravatar service to see if you are using it. The Gravatar service privacy policy is available here: https://automattic.com/privacy/. After approval of your comment, your profile picture is visible to the public in the context of your comment.</p><!-- /wp:paragraph --><!-- wp:heading {""level"":3} --><h3>Media</h3><!-- /wp:heading --><!-- wp:paragraph --><p>If you upload images to the website, you should avoid uploading images with embedded location data (EXIF GPS) included. Visitors to the website can download and extract any location data from images on the website.</p><!-- /wp:paragraph --><!-- wp:heading {""level"":3} --><h3>Contact forms</h3><!-- /wp:heading --><!-- wp:heading {""level"":3} --><h3>Cookies</h3><!-- /wp:heading --><!-- wp:paragraph --><p>If you leave a comment on our site you may opt-in to saving your name, email address and website in cookies. These are for your convenience so that you do not have to fill in your details again when you leave another comment. These cookies will last for one year.</p><!-- /wp:paragraph --><!-- wp:paragraph --><p>If you have an account and you log in to this site, we will set a temporary cookie to determine if your browser accepts cookies. This cookie contains no personal data and is discarded when you close your browser.</p><!-- /wp:paragraph --><!-- wp:paragraph --><p>When you log in, we will also set up several cookies to save your login information and your screen display choices. Login cookies last for two days, and screen options cookies last for a year. If you select &quot;Remember Me&quot;, your login will persist for two weeks. If you log out of your account, the login cookies will be removed.</p><!-- /wp:paragraph --><!-- wp:paragraph --><p>If you edit or publish an article, an additional cookie will be saved in your browser. This cookie includes no personal data and simply indicates the post ID of the article you just edited. It expires after 1 day.</p><!-- /wp:paragraph --><!-- wp:heading {""level"":3} --><h3>Embedded content from other websites</h3><!-- /wp:heading --><!-- wp:paragraph --><p>Articles on this site may include embedded content (e.g. videos, images, articles, etc.). Embedded content from other websites behaves in the exact same way as if the visitor has visited the other website.</p><!-- /wp:paragraph --><!-- wp:paragraph --><p>These websites may collect data about you, use cookies, embed additional third-party tracking, and monitor your interaction with that embedded content, including tracking your interaction with the embedded content if you have an account and are logged in to that website.</p><!-- /wp:paragraph --><!-- wp:heading {""level"":3} --><h3>Analytics</h3><!-- /wp:heading --><!-- wp:heading --><h2>Who we share your data with</h2><!-- /wp:heading --><!-- wp:heading --><h2>How long we retain your data</h2><!-- /wp:heading --><!-- wp:paragraph --><p>If you leave a comment, the comment and its metadata are retained indefinitely. This is so we can recognize and approve any follow-up comments automatically instead of holding them in a moderation queue.</p><!-- /wp:paragraph --><!-- wp:paragraph --><p>For users that register on our website (if any), we also store the personal information they provide in their user profile. All users can see, edit, or delete their personal information at any time (except they cannot change their username). Website administrators can also see and edit that information.</p><!-- /wp:paragraph --><!-- wp:heading --><h2>What rights you have over your data</h2><!-- /wp:heading --><!-- wp:paragraph --><p>If you have an account on this site, or have left comments, you can request to receive an exported file of the personal data we hold about you, including any data you have provided to us. You can also request that we erase any personal data we hold about you. This does not include any data we are obliged to keep for administrative, legal, or security purposes.</p><!-- /wp:paragraph --><!-- wp:heading --><h2>Where we send your data</h2><!-- /wp:heading --><!-- wp:paragraph --><p>Visitor comments may be checked through an automated spam detection service.</p><!-- /wp:paragraph --><!-- wp:heading --><h2>Your contact information</h2><!-- /wp:heading --><!-- wp:heading --><h2>Additional information</h2><!-- /wp:heading --><!-- wp:heading {""level"":3} --><h3>How we protect your data</h3><!-- /wp:heading --><!-- wp:heading {""level"":3} --><h3>What data breach procedures we have in place</h3><!-- /wp:heading --><!-- wp:heading {""level"":3} --><h3>What third parties we receive data from</h3><!-- /wp:heading --><!-- wp:heading {""level"":3} --><h3>What automated decision making and/or profiling we do with user data</h3><!-- /wp:heading --><!-- wp:heading {""level"":3} --><h3>Industry regulatory disclosure requirements</h3><!-- /wp:heading -->","Privacy Policy",,"draft","closed","open",,"privacy-policy",,,"2019-10-05 02:17:43","2019-10-05 02:17:43",,"0","http:/?page_id=3","0","page",,"0"
"1","Uncategorized","uncategorized","0"
"1","1","0"
"1","1","category",,"0","1"
"31","2","jetpack_tracks_anon_id","jetpack:bO4h37tHwA3d7JU13ja/3rlm"
"17","2","nickname","jon.venturi"
"18","2","first_name",
"19","2","last_name",
"20","2","description",
"21","2","rich_editing","true"
"22","2","syntax_highlighting","true"
"23","2","comment_shortcuts","false"
"24","2","admin_color","fresh"
"25","2","use_ssl","0"
"26","2","show_admin_bar_front","true"
"27","2","locale",
"28","2","_FE6_capabilities","a:1:{s:13:""administrator"";b:1;}"
"29","2","_FE6_user_level","10"
"30","2","dismissed_wp_pointers","wp496_privacy"
"2","jon.venturi","$P$BrEZ/F57jD1njoMlIHqxsGCDH6njiq0","jon-venturi","jon.venturi@gmail.com",,"2019-10-05 02:17:55",,"0","jon.venturi"
